"page","primary claim","current evidence","needed evidence","owner input required"
"https://reumlab.com/academy-shopping-mall/","학원 운영에 맞춘 수강신청·결제 쇼핑몰 제작","moderate","검증 가능한 사례·방법론·공식 출처 중 최소 1개 보강","yes"
"https://reumlab.com/admin-page-development/","관리자 페이지 개발 — 엑셀·수기 관리를 어드민 한 화면으로","moderate","검증 가능한 사례·방법론·공식 출처 중 최소 1개 보강","yes"
"https://reumlab.com/ai-automation/","AI 업무 자동화 개발 사람이 반복하던 일을 AI가 처리하는 흐름으로","moderate","검증 가능한 사례·방법론·공식 출처 중 최소 1개 보강","yes"
"https://reumlab.com/ai-development/dongtan/","동탄 AI 외주개발","templated-review","해당 업종·지역에 고유한 실제 제약, 허가된 사례 또는 1차 자료","yes"
"https://reumlab.com/ai-development/hwaseong/","화성 AI 외주개발","templated-review","해당 업종·지역에 고유한 실제 제약, 허가된 사례 또는 1차 자료","yes"
"https://reumlab.com/ai-development/","AI 외주개발","moderate","검증 가능한 사례·방법론·공식 출처 중 최소 1개 보강","yes"
"https://reumlab.com/ai-development/suwon/","수원 AI 외주개발","templated-review","해당 업종·지역에 고유한 실제 제약, 허가된 사례 또는 1차 자료","yes"
"https://reumlab.com/app/academy/","학원·교육 앱 개발","templated-review","해당 업종·지역에 고유한 실제 제약, 허가된 사례 또는 1차 자료","yes"
"https://reumlab.com/app/agriculture/","농업·산지직거래 앱 개발","templated-review","해당 업종·지역에 고유한 실제 제약, 허가된 사례 또는 1차 자료","yes"
"https://reumlab.com/app/animal-hospital/","동물병원 앱 개발","templated-review","해당 업종·지역에 고유한 실제 제약, 허가된 사례 또는 1차 자료","yes"
"https://reumlab.com/app/art-academy/","미술학원 앱 개발","templated-review","해당 업종·지역에 고유한 실제 제약, 허가된 사례 또는 1차 자료","yes"
"https://reumlab.com/app/b2b-saas/","B2B SaaS·업무툴 개발","templated-review","해당 업종·지역에 고유한 실제 제약, 허가된 사례 또는 1차 자료","yes"
"https://reumlab.com/app/bakery/","베이커리·디저트 앱 개발","templated-review","해당 업종·지역에 고유한 실제 제약, 허가된 사례 또는 1차 자료","yes"
"https://reumlab.com/app/billiards/","당구장·볼링장 앱 개발","templated-review","해당 업종·지역에 고유한 실제 제약, 허가된 사례 또는 1차 자료","yes"
"https://reumlab.com/app/booking/","예약(미용·네일·공방) 앱 개발","templated-review","해당 업종·지역에 고유한 실제 제약, 허가된 사례 또는 1차 자료","yes"
"https://reumlab.com/app/bookstore/","서점·북카페 앱 개발","templated-review","해당 업종·지역에 고유한 실제 제약, 허가된 사례 또는 1차 자료","yes"
"https://reumlab.com/app/butcher/","정육·수산 앱 개발","templated-review","해당 업종·지역에 고유한 실제 제약, 허가된 사례 또는 1차 자료","yes"
"https://reumlab.com/app/cafe/","카페 앱 개발","templated-review","해당 업종·지역에 고유한 실제 제약, 허가된 사례 또는 1차 자료","yes"
"https://reumlab.com/app/camping/","캠핑·글램핑 앱 개발","templated-review","해당 업종·지역에 고유한 실제 제약, 허가된 사례 또는 1차 자료","yes"
"https://reumlab.com/app/car-repair/","자동차정비 앱 개발","templated-review","해당 업종·지역에 고유한 실제 제약, 허가된 사례 또는 1차 자료","yes"
"https://reumlab.com/app/car-wash/","세차·디테일링 앱 개발","templated-review","해당 업종·지역에 고유한 실제 제약, 허가된 사례 또는 1차 자료","yes"
"https://reumlab.com/app/catering/","케이터링·출장뷔페 앱 개발","templated-review","해당 업종·지역에 고유한 실제 제약, 허가된 사례 또는 1차 자료","yes"
"https://reumlab.com/app/childcare/","유치원·어린이집 앱 개발","templated-review","해당 업종·지역에 고유한 실제 제약, 허가된 사례 또는 1차 자료","yes"
"https://reumlab.com/app/church/","교회·종교시설 앱 개발","templated-review","해당 업종·지역에 고유한 실제 제약, 허가된 사례 또는 1차 자료","yes"
"https://reumlab.com/app/cleaning/","청소·홈서비스 앱 개발","templated-review","해당 업종·지역에 고유한 실제 제약, 허가된 사례 또는 1차 자료","yes"
"https://reumlab.com/app/climbing/","클라이밍짐 앱 개발","templated-review","해당 업종·지역에 고유한 실제 제약, 허가된 사례 또는 1차 자료","yes"
"https://reumlab.com/app/cloud-kitchen/","공유주방 앱 개발","templated-review","해당 업종·지역에 고유한 실제 제약, 허가된 사례 또는 1차 자료","yes"
"https://reumlab.com/app/coin-laundry/","무인 코인세탁 앱 개발","templated-review","해당 업종·지역에 고유한 실제 제약, 허가된 사례 또는 1차 자료","yes"
"https://reumlab.com/app/community/","커뮤니티·모임 앱 개발","templated-review","해당 업종·지역에 고유한 실제 제약, 허가된 사례 또는 1차 자료","yes"
"https://reumlab.com/app/construction/","건설·현장관리 앱 개발","templated-review","해당 업종·지역에 고유한 실제 제약, 허가된 사례 또는 1차 자료","yes"
"https://reumlab.com/app/cooking-class/","원데이 클래스·공방 예약 앱 개발","templated-review","해당 업종·지역에 고유한 실제 제약, 허가된 사례 또는 1차 자료","yes"
"https://reumlab.com/app/coworking/","공유오피스 앱 개발","templated-review","해당 업종·지역에 고유한 실제 제약, 허가된 사례 또는 1차 자료","yes"
"https://reumlab.com/app/creator/","크리에이터·MCN 앱 개발","templated-review","해당 업종·지역에 고유한 실제 제약, 허가된 사례 또는 1차 자료","yes"
"https://reumlab.com/app/dance-academy/","무용·발레학원 앱 개발","templated-review","해당 업종·지역에 고유한 실제 제약, 허가된 사례 또는 1차 자료","yes"
"https://reumlab.com/app/delivery/","배달·주문 앱 개발","templated-review","해당 업종·지역에 고유한 실제 제약, 허가된 사례 또는 1차 자료","yes"
"https://reumlab.com/app/dental/","치과 앱 개발","templated-review","해당 업종·지역에 고유한 실제 제약, 허가된 사례 또는 1차 자료","yes"
"https://reumlab.com/app/driving-school/","운전학원 앱 개발","templated-review","해당 업종·지역에 고유한 실제 제약, 허가된 사례 또는 1차 자료","yes"
"https://reumlab.com/app/english-academy/","영어학원 앱 개발","templated-review","해당 업종·지역에 고유한 실제 제약, 허가된 사례 또는 1차 자료","yes"
"https://reumlab.com/app/esthetic/","에스테틱·스파 앱 개발","templated-review","해당 업종·지역에 고유한 실제 제약, 허가된 사례 또는 1차 자료","yes"
"https://reumlab.com/app/event-agency/","행사·이벤트 대행 앱 개발","templated-review","해당 업종·지역에 고유한 실제 제약, 허가된 사례 또는 1차 자료","yes"
"https://reumlab.com/app/fishing/","낚시·선상 앱 개발","templated-review","해당 업종·지역에 고유한 실제 제약, 허가된 사례 또는 1차 자료","yes"
"https://reumlab.com/app/fitness/","피트니스·헬스장 앱 개발","templated-review","해당 업종·지역에 고유한 실제 제약, 허가된 사례 또는 1차 자료","yes"
"https://reumlab.com/app/flower/","꽃집·화훼 앱 개발","templated-review","해당 업종·지역에 고유한 실제 제약, 허가된 사례 또는 1차 자료","yes"
"https://reumlab.com/app/foodtech/","푸드테크·식단 앱 개발","templated-review","해당 업종·지역에 고유한 실제 제약, 허가된 사례 또는 1차 자료","yes"
"https://reumlab.com/app/franchise/","프랜차이즈 본사 앱 개발","templated-review","해당 업종·지역에 고유한 실제 제약, 허가된 사례 또는 1차 자료","yes"
"https://reumlab.com/app/funeral/","상조·장례 앱 개발","templated-review","해당 업종·지역에 고유한 실제 제약, 허가된 사례 또는 1차 자료","yes"
"https://reumlab.com/app/furniture/","가구·리빙 앱 개발","templated-review","해당 업종·지역에 고유한 실제 제약, 허가된 사례 또는 1차 자료","yes"
"https://reumlab.com/app/game-studio/","게임 앱 개발","templated-review","해당 업종·지역에 고유한 실제 제약, 허가된 사례 또는 1차 자료","yes"
"https://reumlab.com/app/golf/","골프·스포츠 예약 앱 개발","templated-review","해당 업종·지역에 고유한 실제 제약, 허가된 사례 또는 1차 자료","yes"
"https://reumlab.com/app/golf-range/","골프연습장 앱 개발","templated-review","해당 업종·지역에 고유한 실제 제약, 허가된 사례 또는 1차 자료","yes"
"https://reumlab.com/app/grocery/","동네마트·장보기 앱 개발","templated-review","해당 업종·지역에 고유한 실제 제약, 허가된 사례 또는 1차 자료","yes"
"https://reumlab.com/app/hair-salon/","미용실 앱 개발","templated-review","해당 업종·지역에 고유한 실제 제약, 허가된 사례 또는 1차 자료","yes"
"https://reumlab.com/app/hospital/","병원·의원 앱 개발","templated-review","해당 업종·지역에 고유한 실제 제약, 허가된 사례 또는 1차 자료","yes"
"https://reumlab.com/app/","업종별 앱 개발 — 100개 업종 맞춤 MVP·솔루션","moderate","검증 가능한 사례·방법론·공식 출처 중 최소 1개 보강","yes"
"https://reumlab.com/app/insurance/","보험 설계·GA 시스템 개발","templated-review","해당 업종·지역에 고유한 실제 제약, 허가된 사례 또는 1차 자료","yes"
"https://reumlab.com/app/interior/","인테리어·시공 앱 개발","templated-review","해당 업종·지역에 고유한 실제 제약, 허가된 사례 또는 1차 자료","yes"
"https://reumlab.com/app/kids-cafe/","키즈카페 앱 개발","templated-review","해당 업종·지역에 고유한 실제 제약, 허가된 사례 또는 1차 자료","yes"
"https://reumlab.com/app/labor-hr/","노무·인사 앱 개발","templated-review","해당 업종·지역에 고유한 실제 제약, 허가된 사례 또는 1차 자료","yes"
"https://reumlab.com/app/laundry/","세탁·수거배송 앱 개발","templated-review","해당 업종·지역에 고유한 실제 제약, 허가된 사례 또는 1차 자료","yes"
"https://reumlab.com/app/law-firm/","법무법인·변호사 앱 개발","templated-review","해당 업종·지역에 고유한 실제 제약, 허가된 사례 또는 1차 자료","yes"
"https://reumlab.com/app/liquor-shop/","주류·와인샵 앱 개발","templated-review","해당 업종·지역에 고유한 실제 제약, 허가된 사례 또는 1차 자료","yes"
"https://reumlab.com/app/loan/","대출·금융 상담 앱 개발","templated-review","해당 업종·지역에 고유한 실제 제약, 허가된 사례 또는 1차 자료","yes"
"https://reumlab.com/app/lodging/","숙박·펜션 앱 개발","templated-review","해당 업종·지역에 고유한 실제 제약, 허가된 사례 또는 1차 자료","yes"
"https://reumlab.com/app/logistics/","물류·배송 앱 개발","templated-review","해당 업종·지역에 고유한 실제 제약, 허가된 사례 또는 1차 자료","yes"
"https://reumlab.com/app/manufacturing/","제조·공장 앱 개발","templated-review","해당 업종·지역에 고유한 실제 제약, 허가된 사례 또는 1차 자료","yes"
"https://reumlab.com/app/marketing-agency/","마케팅 대행사 시스템 개발","templated-review","해당 업종·지역에 고유한 실제 제약, 허가된 사례 또는 1차 자료","yes"
"https://reumlab.com/app/marketplace/","중고거래·마켓 앱 개발","templated-review","해당 업종·지역에 고유한 실제 제약, 허가된 사례 또는 1차 자료","yes"
"https://reumlab.com/app/massage/","마사지·테라피 앱 개발","templated-review","해당 업종·지역에 고유한 실제 제약, 허가된 사례 또는 1차 자료","yes"
"https://reumlab.com/app/math-academy/","수학·입시학원 앱 개발","templated-review","해당 업종·지역에 고유한 실제 제약, 허가된 사례 또는 1차 자료","yes"
"https://reumlab.com/app/moving/","이사·용달 앱 개발","templated-review","해당 업종·지역에 고유한 실제 제약, 허가된 사례 또는 1차 자료","yes"
"https://reumlab.com/app/music-academy/","음악학원 앱 개발","templated-review","해당 업종·지역에 고유한 실제 제약, 허가된 사례 또는 1차 자료","yes"
"https://reumlab.com/app/nail-shop/","네일·왁싱샵 앱 개발","templated-review","해당 업종·지역에 고유한 실제 제약, 허가된 사례 또는 1차 자료","yes"
"https://reumlab.com/app/nonprofit/","비영리·협회 앱 개발","templated-review","해당 업종·지역에 고유한 실제 제약, 허가된 사례 또는 1차 자료","yes"
"https://reumlab.com/app/o2o/","O2O 플랫폼 앱 개발","templated-review","해당 업종·지역에 고유한 실제 제약, 허가된 사례 또는 1차 자료","yes"
"https://reumlab.com/app/optician/","안경원 앱 개발","templated-review","해당 업종·지역에 고유한 실제 제약, 허가된 사례 또는 1차 자료","yes"
"https://reumlab.com/app/oriental-medicine/","한의원 앱 개발","templated-review","해당 업종·지역에 고유한 실제 제약, 허가된 사례 또는 1차 자료","yes"
"https://reumlab.com/app/parking/","주차장 앱 개발","templated-review","해당 업종·지역에 고유한 실제 제약, 허가된 사례 또는 1차 자료","yes"
"https://reumlab.com/app/party-room/","파티룸·대여공간 앱 개발","templated-review","해당 업종·지역에 고유한 실제 제약, 허가된 사례 또는 1차 자료","yes"
"https://reumlab.com/app/patent/","특허·지식재산 앱 개발","templated-review","해당 업종·지역에 고유한 실제 제약, 허가된 사례 또는 1차 자료","yes"
"https://reumlab.com/app/pc-cafe/","PC방·무인매장 앱 개발","templated-review","해당 업종·지역에 고유한 실제 제약, 허가된 사례 또는 1차 자료","yes"
"https://reumlab.com/app/pet/","펫·반려동물 앱 개발","templated-review","해당 업종·지역에 고유한 실제 제약, 허가된 사례 또는 1차 자료","yes"
"https://reumlab.com/app/pharmacy/","약국 앱 개발","templated-review","해당 업종·지역에 고유한 실제 제약, 허가된 사례 또는 1차 자료","yes"
"https://reumlab.com/app/photo-studio/","사진관·스튜디오 앱 개발","templated-review","해당 업종·지역에 고유한 실제 제약, 허가된 사례 또는 1차 자료","yes"
"https://reumlab.com/app/physical-therapy/","도수치료·재활센터 앱 개발","templated-review","해당 업종·지역에 고유한 실제 제약, 허가된 사례 또는 1차 자료","yes"
"https://reumlab.com/app/pilates/","필라테스·요가 앱 개발","templated-review","해당 업종·지역에 고유한 실제 제약, 허가된 사례 또는 1차 자료","yes"
"https://reumlab.com/app/postpartum/","산후조리원 앱 개발","templated-review","해당 업종·지역에 고유한 실제 제약, 허가된 사례 또는 1차 자료","yes"
"https://reumlab.com/app/printing/","인쇄·간판 앱 개발","templated-review","해당 업종·지역에 고유한 실제 제약, 허가된 사례 또는 1차 자료","yes"
"https://reumlab.com/app/property-mgmt/","임대·건물관리 앱 개발","templated-review","해당 업종·지역에 고유한 실제 제약, 허가된 사례 또는 1차 자료","yes"
"https://reumlab.com/app/psychology/","심리상담센터 앱 개발","templated-review","해당 업종·지역에 고유한 실제 제약, 허가된 사례 또는 1차 자료","yes"
"https://reumlab.com/app/realestate/","부동산·중개 앱 개발","templated-review","해당 업종·지역에 고유한 실제 제약, 허가된 사례 또는 1차 자료","yes"
"https://reumlab.com/app/recruiting/","채용·헤드헌팅 앱 개발","templated-review","해당 업종·지역에 고유한 실제 제약, 허가된 사례 또는 1차 자료","yes"
"https://reumlab.com/app/rental/","렌탈·대여 앱 개발","templated-review","해당 업종·지역에 고유한 실제 제약, 허가된 사례 또는 1차 자료","yes"
"https://reumlab.com/app/rental-car/","렌터카·차량대여 앱 개발","templated-review","해당 업종·지역에 고유한 실제 제약, 허가된 사례 또는 1차 자료","yes"
"https://reumlab.com/app/resort/","리조트·워터파크 앱 개발","templated-review","해당 업종·지역에 고유한 실제 제약, 허가된 사례 또는 1차 자료","yes"
"https://reumlab.com/app/restaurant/","식당·외식 앱 개발","templated-review","해당 업종·지역에 고유한 실제 제약, 허가된 사례 또는 1차 자료","yes"
"https://reumlab.com/app/screen-golf/","스크린골프 앱 개발","templated-review","해당 업종·지역에 고유한 실제 제약, 허가된 사례 또는 1차 자료","yes"
"https://reumlab.com/app/security/","보안·경비·CCTV 관제 앱 개발","templated-review","해당 업종·지역에 고유한 실제 제약, 허가된 사례 또는 1차 자료","yes"
"https://reumlab.com/app/senior/","요양·주간보호센터 앱 개발","templated-review","해당 업종·지역에 고유한 실제 제약, 허가된 사례 또는 1차 자료","yes"
"https://reumlab.com/app/shopping/","쇼핑몰·커머스 앱 개발","templated-review","해당 업종·지역에 고유한 실제 제약, 허가된 사례 또는 1차 자료","yes"
"https://reumlab.com/app/sidedish/","반찬·밀키트 앱 개발","templated-review","해당 업종·지역에 고유한 실제 제약, 허가된 사례 또는 1차 자료","yes"
"https://reumlab.com/app/skin-clinic/","피부과·성형외과 앱 개발","templated-review","해당 업종·지역에 고유한 실제 제약, 허가된 사례 또는 1차 자료","yes"
"https://reumlab.com/app/solar/","태양광·에너지 설비 앱 개발","templated-review","해당 업종·지역에 고유한 실제 제약, 허가된 사례 또는 1차 자료","yes"
"https://reumlab.com/app/speech/","언어·발달치료센터 앱 개발","templated-review","해당 업종·지역에 고유한 실제 제약, 허가된 사례 또는 1차 자료","yes"
"https://reumlab.com/app/storage/","셀프스토리지 앱 개발","templated-review","해당 업종·지역에 고유한 실제 제약, 허가된 사례 또는 1차 자료","yes"
"https://reumlab.com/app/studycafe/","스터디카페·독서실 앱 개발","templated-review","해당 업종·지역에 고유한 실제 제약, 허가된 사례 또는 1차 자료","yes"
"https://reumlab.com/app/subscription/","구독 서비스 앱 개발","templated-review","해당 업종·지역에 고유한 실제 제약, 허가된 사례 또는 1차 자료","yes"
"https://reumlab.com/app/swimming/","수영장·스포츠센터 앱 개발","templated-review","해당 업종·지역에 고유한 실제 제약, 허가된 사례 또는 1차 자료","yes"
"https://reumlab.com/app/taekwondo/","태권도·체육관 앱 개발","templated-review","해당 업종·지역에 고유한 실제 제약, 허가된 사례 또는 1차 자료","yes"
"https://reumlab.com/app/tailor/","맞춤정장·수선 앱 개발","templated-review","해당 업종·지역에 고유한 실제 제약, 허가된 사례 또는 1차 자료","yes"
"https://reumlab.com/app/tax-accounting/","세무·회계 앱 개발","templated-review","해당 업종·지역에 고유한 실제 제약, 허가된 사례 또는 1차 자료","yes"
"https://reumlab.com/app/telemedicine/","비대면 진료·원격의료 앱 개발","templated-review","해당 업종·지역에 고유한 실제 제약, 허가된 사례 또는 1차 자료","yes"
"https://reumlab.com/app/translation/","번역·통역 매칭 앱 개발","templated-review","해당 업종·지역에 고유한 실제 제약, 허가된 사례 또는 1차 자료","yes"
"https://reumlab.com/app/travel/","여행·투어 앱 개발","templated-review","해당 업종·지역에 고유한 실제 제약, 허가된 사례 또는 1차 자료","yes"
"https://reumlab.com/app/tutoring/","과외·교습 매칭 앱 개발","templated-review","해당 업종·지역에 고유한 실제 제약, 허가된 사례 또는 1차 자료","yes"
"https://reumlab.com/app/university/","대학·평생교육 앱 개발","templated-review","해당 업종·지역에 고유한 실제 제약, 허가된 사례 또는 1차 자료","yes"
"https://reumlab.com/app/unmanned-store/","무인매장 앱 개발","templated-review","해당 업종·지역에 고유한 실제 제약, 허가된 사례 또는 1차 자료","yes"
"https://reumlab.com/app/used-car/","중고차 앱 개발","templated-review","해당 업종·지역에 고유한 실제 제약, 허가된 사례 또는 1차 자료","yes"
"https://reumlab.com/app/wedding/","웨딩·돌잔치 앱 개발","templated-review","해당 업종·지역에 고유한 실제 제약, 허가된 사례 또는 1차 자료","yes"
"https://reumlab.com/app/wholesale/","도소매·유통 앱 개발","templated-review","해당 업종·지역에 고유한 실제 제약, 허가된 사례 또는 1차 자료","yes"
"https://reumlab.com/app/yoga/","요가원 회원관리 앱 개발","templated-review","해당 업종·지역에 고유한 실제 제약, 허가된 사례 또는 1차 자료","yes"
"https://reumlab.com/app-agency/","앱개발 업체 찾는 대표님께 — 소스코드까지 넘기는 앱 제작","moderate","검증 가능한 사례·방법론·공식 출처 중 최소 1개 보강","yes"
"https://reumlab.com/app-development/dongtan/","동탄 앱개발 외주","templated-review","해당 업종·지역에 고유한 실제 제약, 허가된 사례 또는 1차 자료","yes"
"https://reumlab.com/app-development/hwaseong/","화성 앱개발 외주","templated-review","해당 업종·지역에 고유한 실제 제약, 허가된 사례 또는 1차 자료","yes"
"https://reumlab.com/app-development/","앱개발 외주 · App Development","moderate","검증 가능한 사례·방법론·공식 출처 중 최소 1개 보강","yes"
"https://reumlab.com/app-development/suwon/","수원 앱개발 외주","templated-review","해당 업종·지역에 고유한 실제 제약, 허가된 사례 또는 1차 자료","yes"
"https://reumlab.com/blog/academy-management-app/","학원 수강관리 앱 만들기: 수강신청·출결·수납·학부모 알림 한 번에","moderate","검증 가능한 사례·방법론·공식 출처 중 최소 1개 보강","yes"
"https://reumlab.com/blog/clinic-reservation-app/","병원·한의원 예약·접수·문진 앱: 대기 줄이고 노쇼 막는 법","moderate","검증 가능한 사례·방법론·공식 출처 중 최소 1개 보강","yes"
"https://reumlab.com/blog/dongtan-reservation-app/","동탄 카페·학원·헬스장 예약앱 만들기: 노쇼 줄이는 5가지 기능","moderate","검증 가능한 사례·방법론·공식 출처 중 최소 1개 보강","yes"
"https://reumlab.com/blog/flutter-oeju-jangdanjeom/","Flutter 앱개발 외주, 장단점 솔직 정리","moderate","검증 가능한 사례·방법론·공식 출처 중 최소 1개 보강","yes"
"https://reumlab.com/blog/gym-membership-app/","헬스장·필라테스 회원관리 앱: 회원권·PT·자동결제·출석 한 번에","moderate","검증 가능한 사례·방법론·공식 출처 중 최소 1개 보강","yes"
"https://reumlab.com/blog/hwaseong-dongtan-business-web/","화성 동탄첨단산업단지 기업을 위한 업무용 웹·관리자 시스템 개발","moderate","검증 가능한 사례·방법론·공식 출처 중 최소 1개 보강","yes"
"https://reumlab.com/blog/","앱·웹 개발 실무 칼럼","templated-review","해당 업종·지역에 고유한 실제 제약, 허가된 사례 또는 1차 자료","yes"
"https://reumlab.com/blog/mvp-cost-before-quote/","MVP 개발 비용, 견적보다 먼저 봐야 할 것은 따로 있습니다","moderate","검증 가능한 사례·방법론·공식 출처 중 최소 1개 보강","yes"
"https://reumlab.com/blog/restaurant-order-app/","음식점·카페 주문·웨이팅·포인트 앱: 회전율 높이고 단골 만드는 법","moderate","검증 가능한 사례·방법론·공식 출처 중 최소 1개 보강","yes"
"https://reumlab.com/blog/suwon-app-gaebal-upche/","수원 앱개발 업체 고르는 법","moderate","검증 가능한 사례·방법론·공식 출처 중 최소 1개 보강","yes"
"https://reumlab.com/blog/website-or-app-first/","소상공인, 홈페이지부터일까 앱부터일까? 선택 기준 5가지","moderate","검증 가능한 사례·방법론·공식 출처 중 최소 1개 보강","yes"
"https://reumlab.com/cafe24-limit/","카페24 한계, 맞춤개발로 넘어서기","moderate","검증 가능한 사례·방법론·공식 출처 중 최소 1개 보강","yes"
"https://reumlab.com/compare/flutter-vs-react-native/","Flutter vs React Native, MVP에는 무엇이 맞을까","strong","검수일과 원문 연결 유지","no"
"https://reumlab.com/compare/outsourcing-vs-inhouse/","외주개발 vs 자체개발, 초기에는 무엇이 맞을까","strong","검수일과 원문 연결 유지","no"
"https://reumlab.com/compare/outsourcing-vs-nocode/","앱 외주 vs 노코드, 무엇을 선택할까","strong","검수일과 원문 연결 유지","no"
"https://reumlab.com/cost/academy/","학원·교육 앱 개발 비용","templated-review","해당 업종·지역에 고유한 실제 제약, 허가된 사례 또는 1차 자료","yes"
"https://reumlab.com/cost/agriculture/","농업·산지직거래 앱 개발 비용","templated-review","해당 업종·지역에 고유한 실제 제약, 허가된 사례 또는 1차 자료","yes"
"https://reumlab.com/cost/animal-hospital/","동물병원 앱 개발 비용","templated-review","해당 업종·지역에 고유한 실제 제약, 허가된 사례 또는 1차 자료","yes"
"https://reumlab.com/cost/art-academy/","미술학원 앱 개발 비용","templated-review","해당 업종·지역에 고유한 실제 제약, 허가된 사례 또는 1차 자료","yes"
"https://reumlab.com/cost/b2b-saas/","B2B SaaS·업무툴 앱 개발 비용","templated-review","해당 업종·지역에 고유한 실제 제약, 허가된 사례 또는 1차 자료","yes"
"https://reumlab.com/cost/bakery/","베이커리·디저트 앱 개발 비용","templated-review","해당 업종·지역에 고유한 실제 제약, 허가된 사례 또는 1차 자료","yes"
"https://reumlab.com/cost/billiards/","당구장·볼링장 앱 개발 비용","templated-review","해당 업종·지역에 고유한 실제 제약, 허가된 사례 또는 1차 자료","yes"
"https://reumlab.com/cost/booking/","예약(미용·네일·공방) 앱 개발 비용","templated-review","해당 업종·지역에 고유한 실제 제약, 허가된 사례 또는 1차 자료","yes"
"https://reumlab.com/cost/bookstore/","서점·북카페 앱 개발 비용","templated-review","해당 업종·지역에 고유한 실제 제약, 허가된 사례 또는 1차 자료","yes"
"https://reumlab.com/cost/butcher/","정육·수산 앱 개발 비용","templated-review","해당 업종·지역에 고유한 실제 제약, 허가된 사례 또는 1차 자료","yes"
"https://reumlab.com/cost/cafe/","카페 앱 개발 비용","templated-review","해당 업종·지역에 고유한 실제 제약, 허가된 사례 또는 1차 자료","yes"
"https://reumlab.com/cost/camping/","캠핑·글램핑 앱 개발 비용","templated-review","해당 업종·지역에 고유한 실제 제약, 허가된 사례 또는 1차 자료","yes"
"https://reumlab.com/cost/car-repair/","자동차정비 앱 개발 비용","templated-review","해당 업종·지역에 고유한 실제 제약, 허가된 사례 또는 1차 자료","yes"
"https://reumlab.com/cost/car-wash/","세차·디테일링 앱 개발 비용","templated-review","해당 업종·지역에 고유한 실제 제약, 허가된 사례 또는 1차 자료","yes"
"https://reumlab.com/cost/catering/","케이터링·출장뷔페 앱 개발 비용","templated-review","해당 업종·지역에 고유한 실제 제약, 허가된 사례 또는 1차 자료","yes"
"https://reumlab.com/cost/childcare/","유치원·어린이집 앱 개발 비용","templated-review","해당 업종·지역에 고유한 실제 제약, 허가된 사례 또는 1차 자료","yes"
"https://reumlab.com/cost/church/","교회·종교시설 앱 개발 비용","templated-review","해당 업종·지역에 고유한 실제 제약, 허가된 사례 또는 1차 자료","yes"
"https://reumlab.com/cost/cleaning/","청소·홈서비스 앱 개발 비용","templated-review","해당 업종·지역에 고유한 실제 제약, 허가된 사례 또는 1차 자료","yes"
"https://reumlab.com/cost/climbing/","클라이밍짐 앱 개발 비용","templated-review","해당 업종·지역에 고유한 실제 제약, 허가된 사례 또는 1차 자료","yes"
"https://reumlab.com/cost/cloud-kitchen/","공유주방 앱 개발 비용","templated-review","해당 업종·지역에 고유한 실제 제약, 허가된 사례 또는 1차 자료","yes"
"https://reumlab.com/cost/coin-laundry/","무인 코인세탁 앱 개발 비용","templated-review","해당 업종·지역에 고유한 실제 제약, 허가된 사례 또는 1차 자료","yes"
"https://reumlab.com/cost/community/","커뮤니티·모임 앱 개발 비용","templated-review","해당 업종·지역에 고유한 실제 제약, 허가된 사례 또는 1차 자료","yes"
"https://reumlab.com/cost/construction/","건설·현장관리 앱 개발 비용","templated-review","해당 업종·지역에 고유한 실제 제약, 허가된 사례 또는 1차 자료","yes"
"https://reumlab.com/cost/cooking-class/","요리·원데이 클래스 앱 개발 비용","templated-review","해당 업종·지역에 고유한 실제 제약, 허가된 사례 또는 1차 자료","yes"
"https://reumlab.com/cost/coworking/","공유오피스 앱 개발 비용","templated-review","해당 업종·지역에 고유한 실제 제약, 허가된 사례 또는 1차 자료","yes"
"https://reumlab.com/cost/creator/","크리에이터·MCN 앱 개발 비용","templated-review","해당 업종·지역에 고유한 실제 제약, 허가된 사례 또는 1차 자료","yes"
"https://reumlab.com/cost/dance-academy/","무용·발레학원 앱 개발 비용","templated-review","해당 업종·지역에 고유한 실제 제약, 허가된 사례 또는 1차 자료","yes"
"https://reumlab.com/cost/delivery/","배달·주문 앱 개발 비용","templated-review","해당 업종·지역에 고유한 실제 제약, 허가된 사례 또는 1차 자료","yes"
"https://reumlab.com/cost/dental/","치과 앱 개발 비용","templated-review","해당 업종·지역에 고유한 실제 제약, 허가된 사례 또는 1차 자료","yes"
"https://reumlab.com/cost/driving-school/","운전학원 앱 개발 비용","templated-review","해당 업종·지역에 고유한 실제 제약, 허가된 사례 또는 1차 자료","yes"
"https://reumlab.com/cost/english-academy/","영어학원 앱 개발 비용","templated-review","해당 업종·지역에 고유한 실제 제약, 허가된 사례 또는 1차 자료","yes"
"https://reumlab.com/cost/esthetic/","에스테틱·스파 앱 개발 비용","templated-review","해당 업종·지역에 고유한 실제 제약, 허가된 사례 또는 1차 자료","yes"
"https://reumlab.com/cost/event-agency/","행사·이벤트 대행 앱 개발 비용","templated-review","해당 업종·지역에 고유한 실제 제약, 허가된 사례 또는 1차 자료","yes"
"https://reumlab.com/cost/fishing/","낚시·선상 앱 개발 비용","templated-review","해당 업종·지역에 고유한 실제 제약, 허가된 사례 또는 1차 자료","yes"
"https://reumlab.com/cost/fitness/","피트니스·헬스장 앱 개발 비용","templated-review","해당 업종·지역에 고유한 실제 제약, 허가된 사례 또는 1차 자료","yes"
"https://reumlab.com/cost/flower/","꽃집·화훼 앱 개발 비용","templated-review","해당 업종·지역에 고유한 실제 제약, 허가된 사례 또는 1차 자료","yes"
"https://reumlab.com/cost/foodtech/","푸드테크·식단 앱 개발 비용","templated-review","해당 업종·지역에 고유한 실제 제약, 허가된 사례 또는 1차 자료","yes"
"https://reumlab.com/cost/franchise/","프랜차이즈 본사 앱 개발 비용","templated-review","해당 업종·지역에 고유한 실제 제약, 허가된 사례 또는 1차 자료","yes"
"https://reumlab.com/cost/funeral/","상조·장례 앱 개발 비용","templated-review","해당 업종·지역에 고유한 실제 제약, 허가된 사례 또는 1차 자료","yes"
"https://reumlab.com/cost/furniture/","가구·리빙 앱 개발 비용","templated-review","해당 업종·지역에 고유한 실제 제약, 허가된 사례 또는 1차 자료","yes"
"https://reumlab.com/cost/game-studio/","게임 개발 앱 개발 비용","templated-review","해당 업종·지역에 고유한 실제 제약, 허가된 사례 또는 1차 자료","yes"
"https://reumlab.com/cost/golf/","골프·스포츠 예약 앱 개발 비용","templated-review","해당 업종·지역에 고유한 실제 제약, 허가된 사례 또는 1차 자료","yes"
"https://reumlab.com/cost/golf-range/","골프연습장 앱 개발 비용","templated-review","해당 업종·지역에 고유한 실제 제약, 허가된 사례 또는 1차 자료","yes"
"https://reumlab.com/cost/grocery/","동네마트·장보기 앱 개발 비용","templated-review","해당 업종·지역에 고유한 실제 제약, 허가된 사례 또는 1차 자료","yes"
"https://reumlab.com/cost/hair-salon/","미용실 앱 개발 비용","templated-review","해당 업종·지역에 고유한 실제 제약, 허가된 사례 또는 1차 자료","yes"
"https://reumlab.com/cost/hospital/","병원·의원 앱 개발 비용","templated-review","해당 업종·지역에 고유한 실제 제약, 허가된 사례 또는 1차 자료","yes"
"https://reumlab.com/cost/","업종별 앱 개발 비용 — 100개 업종 가격대·견적 기준","moderate","검증 가능한 사례·방법론·공식 출처 중 최소 1개 보강","yes"
"https://reumlab.com/cost/insurance/","보험 설계 앱 개발 비용","templated-review","해당 업종·지역에 고유한 실제 제약, 허가된 사례 또는 1차 자료","yes"
"https://reumlab.com/cost/interior/","인테리어·시공 앱 개발 비용","templated-review","해당 업종·지역에 고유한 실제 제약, 허가된 사례 또는 1차 자료","yes"
"https://reumlab.com/cost/kids-cafe/","키즈카페 앱 개발 비용","templated-review","해당 업종·지역에 고유한 실제 제약, 허가된 사례 또는 1차 자료","yes"
"https://reumlab.com/cost/labor-hr/","노무·인사 앱 개발 비용","templated-review","해당 업종·지역에 고유한 실제 제약, 허가된 사례 또는 1차 자료","yes"
"https://reumlab.com/cost/laundry/","세탁·수거배송 앱 개발 비용","templated-review","해당 업종·지역에 고유한 실제 제약, 허가된 사례 또는 1차 자료","yes"
"https://reumlab.com/cost/law-firm/","법무법인·변호사 앱 개발 비용","templated-review","해당 업종·지역에 고유한 실제 제약, 허가된 사례 또는 1차 자료","yes"
"https://reumlab.com/cost/liquor-shop/","주류·와인샵 앱 개발 비용","templated-review","해당 업종·지역에 고유한 실제 제약, 허가된 사례 또는 1차 자료","yes"
"https://reumlab.com/cost/loan/","대출·금융 상담 앱 개발 비용","templated-review","해당 업종·지역에 고유한 실제 제약, 허가된 사례 또는 1차 자료","yes"
"https://reumlab.com/cost/lodging/","숙박·펜션 앱 개발 비용","templated-review","해당 업종·지역에 고유한 실제 제약, 허가된 사례 또는 1차 자료","yes"
"https://reumlab.com/cost/logistics/","물류·배송 앱 개발 비용","templated-review","해당 업종·지역에 고유한 실제 제약, 허가된 사례 또는 1차 자료","yes"
"https://reumlab.com/cost/manufacturing/","제조·공장 앱 개발 비용","templated-review","해당 업종·지역에 고유한 실제 제약, 허가된 사례 또는 1차 자료","yes"
"https://reumlab.com/cost/marketing-agency/","마케팅 대행 앱 개발 비용","templated-review","해당 업종·지역에 고유한 실제 제약, 허가된 사례 또는 1차 자료","yes"
"https://reumlab.com/cost/marketplace/","중고거래·마켓 앱 개발 비용","templated-review","해당 업종·지역에 고유한 실제 제약, 허가된 사례 또는 1차 자료","yes"
"https://reumlab.com/cost/massage/","마사지·테라피 앱 개발 비용","templated-review","해당 업종·지역에 고유한 실제 제약, 허가된 사례 또는 1차 자료","yes"
"https://reumlab.com/cost/math-academy/","수학·입시학원 앱 개발 비용","templated-review","해당 업종·지역에 고유한 실제 제약, 허가된 사례 또는 1차 자료","yes"
"https://reumlab.com/cost/moving/","이사·용달 앱 개발 비용","templated-review","해당 업종·지역에 고유한 실제 제약, 허가된 사례 또는 1차 자료","yes"
"https://reumlab.com/cost/music-academy/","음악학원 앱 개발 비용","templated-review","해당 업종·지역에 고유한 실제 제약, 허가된 사례 또는 1차 자료","yes"
"https://reumlab.com/cost/nail-shop/","네일·왁싱샵 앱 개발 비용","templated-review","해당 업종·지역에 고유한 실제 제약, 허가된 사례 또는 1차 자료","yes"
"https://reumlab.com/cost/nonprofit/","비영리·협회 앱 개발 비용","templated-review","해당 업종·지역에 고유한 실제 제약, 허가된 사례 또는 1차 자료","yes"
"https://reumlab.com/cost/o2o/","O2O 플랫폼 앱 개발 비용","templated-review","해당 업종·지역에 고유한 실제 제약, 허가된 사례 또는 1차 자료","yes"
"https://reumlab.com/cost/optician/","안경원 앱 개발 비용","templated-review","해당 업종·지역에 고유한 실제 제약, 허가된 사례 또는 1차 자료","yes"
"https://reumlab.com/cost/oriental-medicine/","한의원 앱 개발 비용","templated-review","해당 업종·지역에 고유한 실제 제약, 허가된 사례 또는 1차 자료","yes"
"https://reumlab.com/cost/parking/","주차장 앱 개발 비용","templated-review","해당 업종·지역에 고유한 실제 제약, 허가된 사례 또는 1차 자료","yes"
"https://reumlab.com/cost/party-room/","파티룸·대여공간 앱 개발 비용","templated-review","해당 업종·지역에 고유한 실제 제약, 허가된 사례 또는 1차 자료","yes"
"https://reumlab.com/cost/patent/","특허·지식재산 앱 개발 비용","templated-review","해당 업종·지역에 고유한 실제 제약, 허가된 사례 또는 1차 자료","yes"
"https://reumlab.com/cost/pc-cafe/","PC방·무인매장 앱 개발 비용","templated-review","해당 업종·지역에 고유한 실제 제약, 허가된 사례 또는 1차 자료","yes"
"https://reumlab.com/cost/pet/","펫·반려동물 앱 개발 비용","templated-review","해당 업종·지역에 고유한 실제 제약, 허가된 사례 또는 1차 자료","yes"
"https://reumlab.com/cost/pharmacy/","약국 앱 개발 비용","templated-review","해당 업종·지역에 고유한 실제 제약, 허가된 사례 또는 1차 자료","yes"
"https://reumlab.com/cost/photo-studio/","사진관·스튜디오 앱 개발 비용","templated-review","해당 업종·지역에 고유한 실제 제약, 허가된 사례 또는 1차 자료","yes"
"https://reumlab.com/cost/physical-therapy/","도수치료·재활 앱 개발 비용","templated-review","해당 업종·지역에 고유한 실제 제약, 허가된 사례 또는 1차 자료","yes"
"https://reumlab.com/cost/pilates/","필라테스·요가 앱 개발 비용","templated-review","해당 업종·지역에 고유한 실제 제약, 허가된 사례 또는 1차 자료","yes"
"https://reumlab.com/cost/postpartum/","산후조리원 앱 개발 비용","templated-review","해당 업종·지역에 고유한 실제 제약, 허가된 사례 또는 1차 자료","yes"
"https://reumlab.com/cost/printing/","인쇄·간판 앱 개발 비용","templated-review","해당 업종·지역에 고유한 실제 제약, 허가된 사례 또는 1차 자료","yes"
"https://reumlab.com/cost/property-mgmt/","임대·건물관리 앱 개발 비용","templated-review","해당 업종·지역에 고유한 실제 제약, 허가된 사례 또는 1차 자료","yes"
"https://reumlab.com/cost/psychology/","심리상담센터 앱 개발 비용","templated-review","해당 업종·지역에 고유한 실제 제약, 허가된 사례 또는 1차 자료","yes"
"https://reumlab.com/cost/realestate/","부동산·중개 앱 개발 비용","templated-review","해당 업종·지역에 고유한 실제 제약, 허가된 사례 또는 1차 자료","yes"
"https://reumlab.com/cost/recruiting/","채용·헤드헌팅 앱 개발 비용","templated-review","해당 업종·지역에 고유한 실제 제약, 허가된 사례 또는 1차 자료","yes"
"https://reumlab.com/cost/rental/","렌탈·대여 앱 개발 비용","templated-review","해당 업종·지역에 고유한 실제 제약, 허가된 사례 또는 1차 자료","yes"
"https://reumlab.com/cost/rental-car/","렌터카·차량대여 앱 개발 비용","templated-review","해당 업종·지역에 고유한 실제 제약, 허가된 사례 또는 1차 자료","yes"
"https://reumlab.com/cost/resort/","리조트·워터파크 앱 개발 비용","templated-review","해당 업종·지역에 고유한 실제 제약, 허가된 사례 또는 1차 자료","yes"
"https://reumlab.com/cost/restaurant/","식당·외식 앱 개발 비용","templated-review","해당 업종·지역에 고유한 실제 제약, 허가된 사례 또는 1차 자료","yes"
"https://reumlab.com/cost/screen-golf/","스크린골프 앱 개발 비용","templated-review","해당 업종·지역에 고유한 실제 제약, 허가된 사례 또는 1차 자료","yes"
"https://reumlab.com/cost/security/","보안·경비 앱 개발 비용","templated-review","해당 업종·지역에 고유한 실제 제약, 허가된 사례 또는 1차 자료","yes"
"https://reumlab.com/cost/senior/","요양·주간보호 앱 개발 비용","templated-review","해당 업종·지역에 고유한 실제 제약, 허가된 사례 또는 1차 자료","yes"
"https://reumlab.com/cost/shopping/","쇼핑몰·커머스 앱 개발 비용","templated-review","해당 업종·지역에 고유한 실제 제약, 허가된 사례 또는 1차 자료","yes"
"https://reumlab.com/cost/sidedish/","반찬·밀키트 앱 개발 비용","templated-review","해당 업종·지역에 고유한 실제 제약, 허가된 사례 또는 1차 자료","yes"
"https://reumlab.com/cost/skin-clinic/","피부과·성형외과 앱 개발 비용","templated-review","해당 업종·지역에 고유한 실제 제약, 허가된 사례 또는 1차 자료","yes"
"https://reumlab.com/cost/solar/","태양광·에너지 앱 개발 비용","templated-review","해당 업종·지역에 고유한 실제 제약, 허가된 사례 또는 1차 자료","yes"
"https://reumlab.com/cost/speech/","언어·발달치료 앱 개발 비용","templated-review","해당 업종·지역에 고유한 실제 제약, 허가된 사례 또는 1차 자료","yes"
"https://reumlab.com/cost/storage/","셀프스토리지 앱 개발 비용","templated-review","해당 업종·지역에 고유한 실제 제약, 허가된 사례 또는 1차 자료","yes"
"https://reumlab.com/cost/studycafe/","스터디카페·독서실 앱 개발 비용","templated-review","해당 업종·지역에 고유한 실제 제약, 허가된 사례 또는 1차 자료","yes"
"https://reumlab.com/cost/subscription/","구독 서비스 앱 개발 비용","templated-review","해당 업종·지역에 고유한 실제 제약, 허가된 사례 또는 1차 자료","yes"
"https://reumlab.com/cost/swimming/","수영장·스포츠센터 앱 개발 비용","templated-review","해당 업종·지역에 고유한 실제 제약, 허가된 사례 또는 1차 자료","yes"
"https://reumlab.com/cost/taekwondo/","태권도·체육관 앱 개발 비용","templated-review","해당 업종·지역에 고유한 실제 제약, 허가된 사례 또는 1차 자료","yes"
"https://reumlab.com/cost/tailor/","맞춤정장·수선 앱 개발 비용","templated-review","해당 업종·지역에 고유한 실제 제약, 허가된 사례 또는 1차 자료","yes"
"https://reumlab.com/cost/tax-accounting/","세무·회계 앱 개발 비용","templated-review","해당 업종·지역에 고유한 실제 제약, 허가된 사례 또는 1차 자료","yes"
"https://reumlab.com/cost/telemedicine/","비대면 진료 앱 개발 비용","templated-review","해당 업종·지역에 고유한 실제 제약, 허가된 사례 또는 1차 자료","yes"
"https://reumlab.com/cost/translation/","번역·통역 앱 개발 비용","templated-review","해당 업종·지역에 고유한 실제 제약, 허가된 사례 또는 1차 자료","yes"
"https://reumlab.com/cost/travel/","여행·투어 앱 개발 비용","templated-review","해당 업종·지역에 고유한 실제 제약, 허가된 사례 또는 1차 자료","yes"
"https://reumlab.com/cost/tutoring/","과외·교습 매칭 앱 개발 비용","templated-review","해당 업종·지역에 고유한 실제 제약, 허가된 사례 또는 1차 자료","yes"
"https://reumlab.com/cost/university/","대학·평생교육 앱 개발 비용","templated-review","해당 업종·지역에 고유한 실제 제약, 허가된 사례 또는 1차 자료","yes"
"https://reumlab.com/cost/unmanned-store/","무인매장 앱 개발 비용","templated-review","해당 업종·지역에 고유한 실제 제약, 허가된 사례 또는 1차 자료","yes"
"https://reumlab.com/cost/used-car/","중고차 앱 개발 비용","templated-review","해당 업종·지역에 고유한 실제 제약, 허가된 사례 또는 1차 자료","yes"
"https://reumlab.com/cost/wedding/","웨딩·돌잔치 앱 개발 비용","templated-review","해당 업종·지역에 고유한 실제 제약, 허가된 사례 또는 1차 자료","yes"
"https://reumlab.com/cost/wholesale/","도소매·유통 앱 개발 비용","templated-review","해당 업종·지역에 고유한 실제 제약, 허가된 사례 또는 1차 자료","yes"
"https://reumlab.com/cost/yoga/","요가원 앱 개발 비용","templated-review","해당 업종·지역에 고유한 실제 제약, 허가된 사례 또는 1차 자료","yes"
"https://reumlab.com/data-seo/","데이터·SEO 자동화 구축 수작업으로 만들 수 없는 규모를 자동화로","moderate","검증 가능한 사례·방법론·공식 출처 중 최소 1개 보강","yes"
"https://reumlab.com/enterprise-ai/","우리 회사 자료로 답하는 사내 AI 구축","moderate","검증 가능한 사례·방법론·공식 출처 중 최소 1개 보강","yes"
"https://reumlab.com/erp/","맞춤형 ERP·관리 시스템 개발 엑셀과 반복 입력을 우리 회사 운영 시스템으로","moderate","검증 가능한 사례·방법론·공식 출처 중 최소 1개 보강","yes"
"https://reumlab.com/flutter/dongtan/","동탄 Flutter 앱개발","moderate","검증 가능한 사례·방법론·공식 출처 중 최소 1개 보강","yes"
"https://reumlab.com/flutter/hwaseong/","화성 Flutter 앱개발","moderate","검증 가능한 사례·방법론·공식 출처 중 최소 1개 보강","yes"
"https://reumlab.com/flutter/","Flutter 앱개발 외주","moderate","검증 가능한 사례·방법론·공식 출처 중 최소 1개 보강","yes"
"https://reumlab.com/flutter/suwon/","수원 Flutter 앱개발","moderate","검증 가능한 사례·방법론·공식 출처 중 최소 1개 보강","yes"
"https://reumlab.com/flutter-development/","Flutter 앱개발 · Flutter Development","moderate","검증 가능한 사례·방법론·공식 출처 중 최소 1개 보강","yes"
"https://reumlab.com/guide/academy-app-guide/","학원 앱 만들기, 등하원 알림이 먼저다","strong","검수일과 원문 연결 유지","no"
"https://reumlab.com/guide/agency-choice/","개발 업체를 고를 때 무엇을 확인해야 할까","strong","검수일과 원문 연결 유지","no"
"https://reumlab.com/guide/ai-automation-guide/","AI 업무 자동화, 어떤 업무부터 적용할 수 있을까","strong","검수일과 원문 연결 유지","no"
"https://reumlab.com/guide/app-cost/","앱개발 비용, 무엇이 가격을 결정할까","strong","검수일과 원문 연결 유지","no"
"https://reumlab.com/guide/app-duration/","앱개발 기간은 무엇으로 정해질까","strong","검수일과 원문 연결 유지","no"
"https://reumlab.com/guide/b2b-saas-guide/","B2B SaaS 만들기, 한 팀의 문제부터 풀어라","strong","검수일과 원문 연결 유지","no"
"https://reumlab.com/guide/booking-app-guide/","예약 앱 만들기, 노쇼와 응대를 함께 줄여라","strong","검수일과 원문 연결 유지","no"
"https://reumlab.com/guide/cafe-app-guide/","카페 앱 만들기, 수수료 없이 단골을 잡아라","strong","검수일과 원문 연결 유지","no"
"https://reumlab.com/guide/chatbot-cost/","AI 챗봇 개발 비용, 단계별로 접근하기","strong","검수일과 원문 연결 유지","no"
"https://reumlab.com/guide/cleaning-app-guide/","청소 앱 만들기, 준비된 방문을 만들어라","strong","검수일과 원문 연결 유지","no"
"https://reumlab.com/guide/community-app-guide/","커뮤니티 앱 만들기, 기능보다 활동이 먼저다","strong","검수일과 원문 연결 유지","no"
"https://reumlab.com/guide/delivery-app-guide/","배달 앱 만들기, 수수료 없이 단골을 확보하라","strong","검수일과 원문 연결 유지","no"
"https://reumlab.com/guide/dental-app-guide/","치과 앱 만들기, 리콜을 먼저 설계하라","strong","검수일과 원문 연결 유지","no"
"https://reumlab.com/guide/dev-process/","외주 개발은 어떤 순서로 진행될까","strong","검수일과 원문 연결 유지","no"
"https://reumlab.com/guide/dongtan-hwaseong/","동탄·화성에서 앱·홈페이지 개발 업체 고르기","strong","검수일과 원문 연결 유지","no"
"https://reumlab.com/guide/enterprise-ai-adoption/","기업 AI 도입 전 무엇부터 정해야 할까?","strong","검수일과 원문 연결 유지","no"
"https://reumlab.com/guide/enterprise-ai-cost/","사내 AI 구축 비용은 무엇에 따라 달라질까?","strong","검수일과 원문 연결 유지","no"
"https://reumlab.com/guide/erp-cost/","맞춤형 ERP 구축 비용, 무엇이 가격을 결정할까","strong","검수일과 원문 연결 유지","no"
"https://reumlab.com/guide/fitness-app-guide/","헬스장 앱 만들기, 데스크 문의부터 줄여라","strong","검수일과 원문 연결 유지","no"
"https://reumlab.com/guide/flutter-cost/","Flutter 앱개발 비용이 합리적인 이유","strong","검수일과 원문 연결 유지","no"
"https://reumlab.com/guide/hair-salon-app-guide/","미용실 앱 만들기, 지정 손님 재방문을 설계하라","strong","검수일과 원문 연결 유지","no"
"https://reumlab.com/guide/hospital-app-guide/","병원 앱 만들기, 무엇부터 준비할까","strong","검수일과 원문 연결 유지","no"
"https://reumlab.com/guide/","개발 가이드 모음 — 비용·견적·업종별 앱 만들기","templated-review","해당 업종·지역에 고유한 실제 제약, 허가된 사례 또는 1차 자료","yes"
"https://reumlab.com/guide/interior-app-guide/","인테리어 앱 만들기, 진행을 투명하게 공유하라","strong","검수일과 원문 연결 유지","no"
"https://reumlab.com/guide/kids-cafe-app-guide/","키즈카페 앱 만들기, 주말 혼잡부터 관리하라","strong","검수일과 원문 연결 유지","no"
"https://reumlab.com/guide/lodging-app-guide/","숙박 앱 만들기, 직접 예약을 키워라","strong","검수일과 원문 연결 유지","no"
"https://reumlab.com/guide/manufacturing-app-guide/","제조 시스템 만들기, ERP를 다 만들지 마라","strong","검수일과 원문 연결 유지","no"
"https://reumlab.com/guide/mvp-cost/","MVP 개발 비용, 범위 분할로 줄이기","strong","검수일과 원문 연결 유지","no"
"https://reumlab.com/guide/mvp-priority/","MVP에 넣을 기능은 어떻게 고를까","strong","검수일과 원문 연결 유지","no"
"https://reumlab.com/guide/non-developer-app/","비개발자 대표의 앱개발 외주 가이드","strong","검수일과 원문 연결 유지","no"
"https://reumlab.com/guide/outsourcing-checklist/","외주 개발을 맡기기 전에 확인할 15가지","strong","검수일과 원문 연결 유지","no"
"https://reumlab.com/guide/outsourcing-cost/","앱개발 외주 비용, 숨은 비용 없이 잡는 법","strong","검수일과 원문 연결 유지","no"
"https://reumlab.com/guide/pet-app-guide/","반려동물 앱 만들기, 매일 여는 이유를 만들어라","strong","검수일과 원문 연결 유지","no"
"https://reumlab.com/guide/pilates-app-guide/","필라테스 앱 만들기, 정원과 회차를 먼저 잡아라","strong","검수일과 원문 연결 유지","no"
"https://reumlab.com/guide/quote/","앱개발 외주 견적을 빨리 받는 법","strong","검수일과 원문 연결 유지","no"
"https://reumlab.com/guide/rag-development/","RAG 구축, 사내 문서를 AI에 연결하는 방법","strong","검수일과 원문 연결 유지","no"
"https://reumlab.com/guide/realestate-app-guide/","부동산 앱 만들기, 지도 비용부터 이해하라","strong","검수일과 원문 연결 유지","no"
"https://reumlab.com/guide/restaurant-app-guide/","식당 앱 만들기, 테이블 오더와 웨이팅부터","strong","검수일과 원문 연결 유지","no"
"https://reumlab.com/guide/shopping-app-guide/","쇼핑몰 앱 만들기, 매출 흐름부터 검증하라","strong","검수일과 원문 연결 유지","no"
"https://reumlab.com/guide/startup-mvp/","스타트업 MVP 개발, 빠른 검증을 위한 전략","strong","검수일과 원문 연결 유지","no"
"https://reumlab.com/guide/studycafe-app-guide/","스터디카페 무인 시스템, 과금 흐름부터 잡아라","strong","검수일과 원문 연결 유지","no"
"https://reumlab.com/guide/subscription-app-guide/","구독 앱 만들기, 결제보다 갱신·해지가 어렵다","strong","검수일과 원문 연결 유지","no"
"https://reumlab.com/guide/taekwondo-app-guide/","태권도 앱 만들기, 차량 안전 알림이 먼저다","strong","검수일과 원문 연결 유지","no"
"https://reumlab.com/guide/web-cost/","웹사이트 제작 비용, 어떻게 책정될까","strong","검수일과 원문 연결 유지","no"
"https://reumlab.com/guide/wedding-app-guide/","웨딩 앱 만들기, 중복 예약과 견적부터 잡아라","strong","검수일과 원문 연결 유지","no"
"https://reumlab.com/guide/wholesale-app-guide/","B2B 주문 시스템 만들기, 차등 단가부터 자동화하라","strong","검수일과 원문 연결 유지","no"
"https://reumlab.com/h/academy/","학원","templated-review","해당 업종·지역에 고유한 실제 제약, 허가된 사례 또는 1차 자료","yes"
"https://reumlab.com/h/cafe/","카페","templated-review","해당 업종·지역에 고유한 실제 제약, 허가된 사례 또는 1차 자료","yes"
"https://reumlab.com/h/gym/","헬스장","templated-review","해당 업종·지역에 고유한 실제 제약, 허가된 사례 또는 1차 자료","yes"
"https://reumlab.com/h/restaurant/","식당","templated-review","해당 업종·지역에 고유한 실제 제약, 허가된 사례 또는 1차 자료","yes"
"https://reumlab.com/h/service-plan/","서비스 기획","templated-review","해당 업종·지역에 고유한 실제 제약, 허가된 사례 또는 1차 자료","yes"
"https://reumlab.com/h/shopping-mall/","쇼핑몰 제작","templated-review","해당 업종·지역에 고유한 실제 제약, 허가된 사례 또는 1차 자료","yes"
"https://reumlab.com/h/suwon/","수원","templated-review","해당 업종·지역에 고유한 실제 제약, 허가된 사례 또는 1차 자료","yes"
"https://reumlab.com/","아이디어를 실제로 운영 가능한 서비스 로 만듭니다.","strong","검수일과 원문 연결 유지","no"
"https://reumlab.com/l/academy-shopping-mall/","학원 쇼핑몰제작","templated-review","해당 업종·지역에 고유한 실제 제약, 허가된 사례 또는 1차 자료","yes"
"https://reumlab.com/l/cafe-app-dev-out/","카페 앱개발외주","templated-review","해당 업종·지역에 고유한 실제 제약, 허가된 사례 또는 1차 자료","yes"
"https://reumlab.com/l/gym-web-dev/","헬스장 웹개발","templated-review","해당 업종·지역에 고유한 실제 제약, 허가된 사례 또는 1차 자료","yes"
"https://reumlab.com/l/restaurant-website-dev/","식당 웹사이트제작","templated-review","해당 업종·지역에 고유한 실제 제약, 허가된 사례 또는 1차 자료","yes"
"https://reumlab.com/l/service-plan-cost/","서비스기획 비용","templated-review","해당 업종·지역에 고유한 실제 제약, 허가된 사례 또는 1차 자료","yes"
"https://reumlab.com/l/shopping-mall-cost/","쇼핑몰제작 비용","templated-review","해당 업종·지역에 고유한 실제 제약, 허가된 사례 또는 1차 자료","yes"
"https://reumlab.com/l/suwon-shopping-mall/","수원 쇼핑몰제작","templated-review","해당 업종·지역에 고유한 실제 제약, 허가된 사례 또는 1차 자료","yes"
"https://reumlab.com/maintenance/","앱·웹 유지보수 — 타사 개발 앱도 이어받습니다","moderate","검증 가능한 사례·방법론·공식 출처 중 최소 1개 보강","yes"
"https://reumlab.com/mvp/dongtan/","동탄 MVP 개발","templated-review","해당 업종·지역에 고유한 실제 제약, 허가된 사례 또는 1차 자료","yes"
"https://reumlab.com/mvp/hwaseong/","화성 MVP 개발","templated-review","해당 업종·지역에 고유한 실제 제약, 허가된 사례 또는 1차 자료","yes"
"https://reumlab.com/mvp/","앱·웹 MVP 개발 아이디어를 직접 써볼 수 있는 서비스로","moderate","검증 가능한 사례·방법론·공식 출처 중 최소 1개 보강","yes"
"https://reumlab.com/mvp/suwon/","수원 MVP 개발","templated-review","해당 업종·지역에 고유한 실제 제약, 허가된 사례 또는 1차 자료","yes"
"https://reumlab.com/mvp-development/","MVP 개발 · Startup MVP Development","moderate","검증 가능한 사례·방법론·공식 출처 중 최소 1개 보강","yes"
"https://reumlab.com/nocode-limit/","노코드 한계, 맞춤개발로 넘어서기","moderate","검증 가능한 사례·방법론·공식 출처 중 최소 1개 보강","yes"
"https://reumlab.com/platform/","플랫폼·매칭 서비스 개발 고객과 공급자를 잇는 전체 흐름을 설계합니다","moderate","검증 가능한 사례·방법론·공식 출처 중 최소 1개 보강","yes"
"https://reumlab.com/portfolio/ai-sales/","AI 기반 영업 자동화 SaaS 개발 사례","strong","검수일과 원문 연결 유지","no"
"https://reumlab.com/portfolio/ai-work-hub/","AI 업무 자동화 허브 개발 사례","strong","검수일과 원문 연결 유지","no"
"https://reumlab.com/portfolio/b2b-lead/","B2B 파트너·리드 관리 앱 개발 사례","strong","검수일과 원문 연결 유지","no"
"https://reumlab.com/portfolio/data-crawl/","대규모 데이터 수집·검색 시스템 개발 사례","strong","검수일과 원문 연결 유지","no"
"https://reumlab.com/portfolio/digital-market/","디지털 상품 마켓플레이스 개발 사례","strong","검수일과 원문 연결 유지","no"
"https://reumlab.com/portfolio/edu-erp/","교육기관 운영 ERP 개발 사례","strong","검수일과 원문 연결 유지","no"
"https://reumlab.com/portfolio/edu-review/","지역 교육정보 탐색·리뷰 앱 개발 사례","strong","검수일과 원문 연결 유지","no"
"https://reumlab.com/portfolio/gov-search/","공공정보 AI 탐색 서비스 개발 사례","strong","검수일과 원문 연결 유지","no"
"https://reumlab.com/portfolio/","서비스 이름보다, 해결한 문제를 보여드립니다","strong","검수일과 원문 연결 유지","no"
"https://reumlab.com/portfolio/life-match/","생활서비스 매칭 플랫폼 개발 사례","strong","검수일과 원문 연결 유지","no"
"https://reumlab.com/portfolio/pseo-engine/","대규모 SEO 페이지 자동화 시스템 개발 사례","strong","검수일과 원문 연결 유지","no"
"https://reumlab.com/portfolio/quote-doc/","견적·청구 문서 자동화 도구 개발 사례","strong","검수일과 원문 연결 유지","no"
"https://reumlab.com/portfolio/research-writer/","연구·문서 작성 보조 서비스 개발 사례","strong","검수일과 원문 연결 유지","no"
"https://reumlab.com/portfolio/sns-content/","SNS 콘텐츠 자동화 서비스 개발 사례","strong","검수일과 원문 연결 유지","no"
"https://reumlab.com/portfolio/soho-saas/","소상공인 운영 SaaS 개발 사례","strong","검수일과 원문 연결 유지","no"
"https://reumlab.com/portfolio/space-booking/","공간 예약·운영 웹 개발 사례","strong","검수일과 원문 연결 유지","no"
"https://reumlab.com/privacy/","개인정보처리방침","templated-review","해당 업종·지역에 고유한 실제 제약, 허가된 사례 또는 1차 자료","yes"
"https://reumlab.com/realestate-landing/","광고 클릭을 실제 문의로 연결하는 부동산 랜딩페이지","moderate","검증 가능한 사례·방법론·공식 출처 중 최소 1개 보강","yes"
"https://reumlab.com/refund/","취소 및 환불 안내","templated-review","해당 업종·지역에 고유한 실제 제약, 허가된 사례 또는 1차 자료","yes"
"https://reumlab.com/renewal/","웹사이트 리뉴얼 — 오래된 홈페이지를 검색되는 사이트로","moderate","검증 가능한 사례·방법론·공식 출처 중 최소 1개 보강","yes"
"https://reumlab.com/reservation-commerce/","예약·결제 시스템 개발 예약부터 결제와 운영까지 한곳에서","moderate","검증 가능한 사례·방법론·공식 출처 중 최소 1개 보강","yes"
"https://reumlab.com/service-renewal/","기존 서비스 개선·인수 개발 멈춰 있는 서비스를 다시 운영 가능한 상태로","moderate","검증 가능한 사례·방법론·공식 출처 중 최소 1개 보강","yes"
"https://reumlab.com/soho/","소상공인 홈페이지 제작 광고 없이 검색으로 손님이 찾아오게","moderate","검증 가능한 사례·방법론·공식 출처 중 최소 1개 보강","yes"
"https://reumlab.com/solution/academy/","학원·교육 솔루션 구축","templated-review","해당 업종·지역에 고유한 실제 제약, 허가된 사례 또는 1차 자료","yes"
"https://reumlab.com/solution/agriculture/","농업·산지직거래 솔루션 구축","templated-review","해당 업종·지역에 고유한 실제 제약, 허가된 사례 또는 1차 자료","yes"
"https://reumlab.com/solution/animal-hospital/","동물병원 솔루션 구축","templated-review","해당 업종·지역에 고유한 실제 제약, 허가된 사례 또는 1차 자료","yes"
"https://reumlab.com/solution/art-academy/","미술학원 솔루션 구축","templated-review","해당 업종·지역에 고유한 실제 제약, 허가된 사례 또는 1차 자료","yes"
"https://reumlab.com/solution/b2b-saas/","B2B SaaS·업무툴 솔루션 구축","templated-review","해당 업종·지역에 고유한 실제 제약, 허가된 사례 또는 1차 자료","yes"
"https://reumlab.com/solution/bakery/","베이커리·디저트 솔루션 구축","templated-review","해당 업종·지역에 고유한 실제 제약, 허가된 사례 또는 1차 자료","yes"
"https://reumlab.com/solution/billiards/","당구장·볼링장 솔루션 구축","templated-review","해당 업종·지역에 고유한 실제 제약, 허가된 사례 또는 1차 자료","yes"
"https://reumlab.com/solution/booking/","예약(미용·네일·공방) 솔루션 구축","templated-review","해당 업종·지역에 고유한 실제 제약, 허가된 사례 또는 1차 자료","yes"
"https://reumlab.com/solution/bookstore/","서점·북카페 솔루션 구축","templated-review","해당 업종·지역에 고유한 실제 제약, 허가된 사례 또는 1차 자료","yes"
"https://reumlab.com/solution/butcher/","정육·수산 솔루션 구축","templated-review","해당 업종·지역에 고유한 실제 제약, 허가된 사례 또는 1차 자료","yes"
"https://reumlab.com/solution/cafe/","카페 솔루션 구축","templated-review","해당 업종·지역에 고유한 실제 제약, 허가된 사례 또는 1차 자료","yes"
"https://reumlab.com/solution/camping/","캠핑·글램핑 솔루션 구축","templated-review","해당 업종·지역에 고유한 실제 제약, 허가된 사례 또는 1차 자료","yes"
"https://reumlab.com/solution/car-repair/","자동차정비 솔루션 구축","templated-review","해당 업종·지역에 고유한 실제 제약, 허가된 사례 또는 1차 자료","yes"
"https://reumlab.com/solution/car-wash/","세차·디테일링 솔루션 구축","templated-review","해당 업종·지역에 고유한 실제 제약, 허가된 사례 또는 1차 자료","yes"
"https://reumlab.com/solution/catering/","케이터링·출장뷔페 솔루션 구축","templated-review","해당 업종·지역에 고유한 실제 제약, 허가된 사례 또는 1차 자료","yes"
"https://reumlab.com/solution/childcare/","유치원·어린이집 솔루션 구축","templated-review","해당 업종·지역에 고유한 실제 제약, 허가된 사례 또는 1차 자료","yes"
"https://reumlab.com/solution/church/","교회·종교시설 솔루션 구축","templated-review","해당 업종·지역에 고유한 실제 제약, 허가된 사례 또는 1차 자료","yes"
"https://reumlab.com/solution/cleaning/","청소·홈서비스 솔루션 구축","templated-review","해당 업종·지역에 고유한 실제 제약, 허가된 사례 또는 1차 자료","yes"
"https://reumlab.com/solution/climbing/","클라이밍짐 솔루션 구축","templated-review","해당 업종·지역에 고유한 실제 제약, 허가된 사례 또는 1차 자료","yes"
"https://reumlab.com/solution/cloud-kitchen/","공유주방 솔루션 구축","templated-review","해당 업종·지역에 고유한 실제 제약, 허가된 사례 또는 1차 자료","yes"
"https://reumlab.com/solution/coin-laundry/","무인 코인세탁 솔루션 구축","templated-review","해당 업종·지역에 고유한 실제 제약, 허가된 사례 또는 1차 자료","yes"
"https://reumlab.com/solution/community/","커뮤니티·모임 솔루션 구축","templated-review","해당 업종·지역에 고유한 실제 제약, 허가된 사례 또는 1차 자료","yes"
"https://reumlab.com/solution/construction/","건설·현장관리 솔루션 구축","templated-review","해당 업종·지역에 고유한 실제 제약, 허가된 사례 또는 1차 자료","yes"
"https://reumlab.com/solution/cooking-class/","요리·원데이 클래스 솔루션 구축","templated-review","해당 업종·지역에 고유한 실제 제약, 허가된 사례 또는 1차 자료","yes"
"https://reumlab.com/solution/coworking/","공유오피스 솔루션 구축","templated-review","해당 업종·지역에 고유한 실제 제약, 허가된 사례 또는 1차 자료","yes"
"https://reumlab.com/solution/creator/","크리에이터·MCN 솔루션 구축","templated-review","해당 업종·지역에 고유한 실제 제약, 허가된 사례 또는 1차 자료","yes"
"https://reumlab.com/solution/dance-academy/","무용·발레학원 솔루션 구축","templated-review","해당 업종·지역에 고유한 실제 제약, 허가된 사례 또는 1차 자료","yes"
"https://reumlab.com/solution/delivery/","배달·주문 솔루션 구축","templated-review","해당 업종·지역에 고유한 실제 제약, 허가된 사례 또는 1차 자료","yes"
"https://reumlab.com/solution/dental/","치과 솔루션 구축","templated-review","해당 업종·지역에 고유한 실제 제약, 허가된 사례 또는 1차 자료","yes"
"https://reumlab.com/solution/driving-school/","운전학원 솔루션 구축","templated-review","해당 업종·지역에 고유한 실제 제약, 허가된 사례 또는 1차 자료","yes"
"https://reumlab.com/solution/english-academy/","영어학원 솔루션 구축","templated-review","해당 업종·지역에 고유한 실제 제약, 허가된 사례 또는 1차 자료","yes"
"https://reumlab.com/solution/esthetic/","에스테틱·스파 솔루션 구축","templated-review","해당 업종·지역에 고유한 실제 제약, 허가된 사례 또는 1차 자료","yes"
"https://reumlab.com/solution/event-agency/","행사·이벤트 대행 솔루션 구축","templated-review","해당 업종·지역에 고유한 실제 제약, 허가된 사례 또는 1차 자료","yes"
"https://reumlab.com/solution/fishing/","낚시·선상 솔루션 구축","templated-review","해당 업종·지역에 고유한 실제 제약, 허가된 사례 또는 1차 자료","yes"
"https://reumlab.com/solution/fitness/","피트니스·헬스장 솔루션 구축","templated-review","해당 업종·지역에 고유한 실제 제약, 허가된 사례 또는 1차 자료","yes"
"https://reumlab.com/solution/flower/","꽃집·화훼 솔루션 구축","templated-review","해당 업종·지역에 고유한 실제 제약, 허가된 사례 또는 1차 자료","yes"
"https://reumlab.com/solution/foodtech/","푸드테크·식단 솔루션 구축","templated-review","해당 업종·지역에 고유한 실제 제약, 허가된 사례 또는 1차 자료","yes"
"https://reumlab.com/solution/franchise/","프랜차이즈 본사 솔루션 구축","templated-review","해당 업종·지역에 고유한 실제 제약, 허가된 사례 또는 1차 자료","yes"
"https://reumlab.com/solution/funeral/","상조·장례 솔루션 구축","templated-review","해당 업종·지역에 고유한 실제 제약, 허가된 사례 또는 1차 자료","yes"
"https://reumlab.com/solution/furniture/","가구·리빙 솔루션 구축","templated-review","해당 업종·지역에 고유한 실제 제약, 허가된 사례 또는 1차 자료","yes"
"https://reumlab.com/solution/game-studio/","게임 개발 솔루션 구축","templated-review","해당 업종·지역에 고유한 실제 제약, 허가된 사례 또는 1차 자료","yes"
"https://reumlab.com/solution/golf/","골프·스포츠 예약 솔루션 구축","templated-review","해당 업종·지역에 고유한 실제 제약, 허가된 사례 또는 1차 자료","yes"
"https://reumlab.com/solution/golf-range/","골프연습장 솔루션 구축","templated-review","해당 업종·지역에 고유한 실제 제약, 허가된 사례 또는 1차 자료","yes"
"https://reumlab.com/solution/grocery/","동네마트·장보기 솔루션 구축","templated-review","해당 업종·지역에 고유한 실제 제약, 허가된 사례 또는 1차 자료","yes"
"https://reumlab.com/solution/hair-salon/","미용실 솔루션 구축","templated-review","해당 업종·지역에 고유한 실제 제약, 허가된 사례 또는 1차 자료","yes"
"https://reumlab.com/solution/hospital/","병원·의원 솔루션 구축","templated-review","해당 업종·지역에 고유한 실제 제약, 허가된 사례 또는 1차 자료","yes"
"https://reumlab.com/solution/","업종별 솔루션·시스템 구축 — 100개 업종 모듈·연동","moderate","검증 가능한 사례·방법론·공식 출처 중 최소 1개 보강","yes"
"https://reumlab.com/solution/insurance/","보험 설계 솔루션 구축","templated-review","해당 업종·지역에 고유한 실제 제약, 허가된 사례 또는 1차 자료","yes"
"https://reumlab.com/solution/interior/","인테리어·시공 솔루션 구축","templated-review","해당 업종·지역에 고유한 실제 제약, 허가된 사례 또는 1차 자료","yes"
"https://reumlab.com/solution/kids-cafe/","키즈카페 솔루션 구축","templated-review","해당 업종·지역에 고유한 실제 제약, 허가된 사례 또는 1차 자료","yes"
"https://reumlab.com/solution/labor-hr/","노무·인사 솔루션 구축","templated-review","해당 업종·지역에 고유한 실제 제약, 허가된 사례 또는 1차 자료","yes"
"https://reumlab.com/solution/laundry/","세탁·수거배송 솔루션 구축","templated-review","해당 업종·지역에 고유한 실제 제약, 허가된 사례 또는 1차 자료","yes"
"https://reumlab.com/solution/law-firm/","법무법인·변호사 솔루션 구축","templated-review","해당 업종·지역에 고유한 실제 제약, 허가된 사례 또는 1차 자료","yes"
"https://reumlab.com/solution/liquor-shop/","주류·와인샵 솔루션 구축","templated-review","해당 업종·지역에 고유한 실제 제약, 허가된 사례 또는 1차 자료","yes"
"https://reumlab.com/solution/loan/","대출·금융 상담 솔루션 구축","templated-review","해당 업종·지역에 고유한 실제 제약, 허가된 사례 또는 1차 자료","yes"
"https://reumlab.com/solution/lodging/","숙박·펜션 솔루션 구축","templated-review","해당 업종·지역에 고유한 실제 제약, 허가된 사례 또는 1차 자료","yes"
"https://reumlab.com/solution/logistics/","물류·배송 솔루션 구축","templated-review","해당 업종·지역에 고유한 실제 제약, 허가된 사례 또는 1차 자료","yes"
"https://reumlab.com/solution/manufacturing/","제조·공장 솔루션 구축","templated-review","해당 업종·지역에 고유한 실제 제약, 허가된 사례 또는 1차 자료","yes"
"https://reumlab.com/solution/marketing-agency/","마케팅 대행 솔루션 구축","templated-review","해당 업종·지역에 고유한 실제 제약, 허가된 사례 또는 1차 자료","yes"
"https://reumlab.com/solution/marketplace/","중고거래·마켓 솔루션 구축","templated-review","해당 업종·지역에 고유한 실제 제약, 허가된 사례 또는 1차 자료","yes"
"https://reumlab.com/solution/massage/","마사지·테라피 솔루션 구축","templated-review","해당 업종·지역에 고유한 실제 제약, 허가된 사례 또는 1차 자료","yes"
"https://reumlab.com/solution/math-academy/","수학·입시학원 솔루션 구축","templated-review","해당 업종·지역에 고유한 실제 제약, 허가된 사례 또는 1차 자료","yes"
"https://reumlab.com/solution/moving/","이사·용달 솔루션 구축","templated-review","해당 업종·지역에 고유한 실제 제약, 허가된 사례 또는 1차 자료","yes"
"https://reumlab.com/solution/music-academy/","음악학원 솔루션 구축","templated-review","해당 업종·지역에 고유한 실제 제약, 허가된 사례 또는 1차 자료","yes"
"https://reumlab.com/solution/nail-shop/","네일·왁싱샵 솔루션 구축","templated-review","해당 업종·지역에 고유한 실제 제약, 허가된 사례 또는 1차 자료","yes"
"https://reumlab.com/solution/nonprofit/","비영리·협회 솔루션 구축","templated-review","해당 업종·지역에 고유한 실제 제약, 허가된 사례 또는 1차 자료","yes"
"https://reumlab.com/solution/o2o/","O2O 플랫폼 솔루션 구축","templated-review","해당 업종·지역에 고유한 실제 제약, 허가된 사례 또는 1차 자료","yes"
"https://reumlab.com/solution/optician/","안경원 솔루션 구축","templated-review","해당 업종·지역에 고유한 실제 제약, 허가된 사례 또는 1차 자료","yes"
"https://reumlab.com/solution/oriental-medicine/","한의원 솔루션 구축","templated-review","해당 업종·지역에 고유한 실제 제약, 허가된 사례 또는 1차 자료","yes"
"https://reumlab.com/solution/parking/","주차장 솔루션 구축","templated-review","해당 업종·지역에 고유한 실제 제약, 허가된 사례 또는 1차 자료","yes"
"https://reumlab.com/solution/party-room/","파티룸·대여공간 솔루션 구축","templated-review","해당 업종·지역에 고유한 실제 제약, 허가된 사례 또는 1차 자료","yes"
"https://reumlab.com/solution/patent/","특허·지식재산 솔루션 구축","templated-review","해당 업종·지역에 고유한 실제 제약, 허가된 사례 또는 1차 자료","yes"
"https://reumlab.com/solution/pc-cafe/","PC방·무인매장 솔루션 구축","templated-review","해당 업종·지역에 고유한 실제 제약, 허가된 사례 또는 1차 자료","yes"
"https://reumlab.com/solution/pet/","펫·반려동물 솔루션 구축","templated-review","해당 업종·지역에 고유한 실제 제약, 허가된 사례 또는 1차 자료","yes"
"https://reumlab.com/solution/pharmacy/","약국 솔루션 구축","templated-review","해당 업종·지역에 고유한 실제 제약, 허가된 사례 또는 1차 자료","yes"
"https://reumlab.com/solution/photo-studio/","사진관·스튜디오 솔루션 구축","templated-review","해당 업종·지역에 고유한 실제 제약, 허가된 사례 또는 1차 자료","yes"
"https://reumlab.com/solution/physical-therapy/","도수치료·재활 솔루션 구축","templated-review","해당 업종·지역에 고유한 실제 제약, 허가된 사례 또는 1차 자료","yes"
"https://reumlab.com/solution/pilates/","필라테스·요가 솔루션 구축","templated-review","해당 업종·지역에 고유한 실제 제약, 허가된 사례 또는 1차 자료","yes"
"https://reumlab.com/solution/postpartum/","산후조리원 솔루션 구축","templated-review","해당 업종·지역에 고유한 실제 제약, 허가된 사례 또는 1차 자료","yes"
"https://reumlab.com/solution/printing/","인쇄·간판 솔루션 구축","templated-review","해당 업종·지역에 고유한 실제 제약, 허가된 사례 또는 1차 자료","yes"
"https://reumlab.com/solution/property-mgmt/","임대·건물관리 솔루션 구축","templated-review","해당 업종·지역에 고유한 실제 제약, 허가된 사례 또는 1차 자료","yes"
"https://reumlab.com/solution/psychology/","심리상담센터 솔루션 구축","templated-review","해당 업종·지역에 고유한 실제 제약, 허가된 사례 또는 1차 자료","yes"
"https://reumlab.com/solution/realestate/","부동산·중개 솔루션 구축","templated-review","해당 업종·지역에 고유한 실제 제약, 허가된 사례 또는 1차 자료","yes"
"https://reumlab.com/solution/recruiting/","채용·헤드헌팅 솔루션 구축","templated-review","해당 업종·지역에 고유한 실제 제약, 허가된 사례 또는 1차 자료","yes"
"https://reumlab.com/solution/rental/","렌탈·대여 솔루션 구축","templated-review","해당 업종·지역에 고유한 실제 제약, 허가된 사례 또는 1차 자료","yes"
"https://reumlab.com/solution/rental-car/","렌터카·차량대여 솔루션 구축","templated-review","해당 업종·지역에 고유한 실제 제약, 허가된 사례 또는 1차 자료","yes"
"https://reumlab.com/solution/resort/","리조트·워터파크 솔루션 구축","templated-review","해당 업종·지역에 고유한 실제 제약, 허가된 사례 또는 1차 자료","yes"
"https://reumlab.com/solution/restaurant/","식당·외식 솔루션 구축","templated-review","해당 업종·지역에 고유한 실제 제약, 허가된 사례 또는 1차 자료","yes"
"https://reumlab.com/solution/screen-golf/","스크린골프 솔루션 구축","templated-review","해당 업종·지역에 고유한 실제 제약, 허가된 사례 또는 1차 자료","yes"
"https://reumlab.com/solution/security/","보안·경비 솔루션 구축","templated-review","해당 업종·지역에 고유한 실제 제약, 허가된 사례 또는 1차 자료","yes"
"https://reumlab.com/solution/senior/","요양·주간보호 솔루션 구축","templated-review","해당 업종·지역에 고유한 실제 제약, 허가된 사례 또는 1차 자료","yes"
"https://reumlab.com/solution/shopping/","쇼핑몰·커머스 솔루션 구축","templated-review","해당 업종·지역에 고유한 실제 제약, 허가된 사례 또는 1차 자료","yes"
"https://reumlab.com/solution/sidedish/","반찬·밀키트 솔루션 구축","templated-review","해당 업종·지역에 고유한 실제 제약, 허가된 사례 또는 1차 자료","yes"
"https://reumlab.com/solution/skin-clinic/","피부과·성형외과 솔루션 구축","templated-review","해당 업종·지역에 고유한 실제 제약, 허가된 사례 또는 1차 자료","yes"
"https://reumlab.com/solution/solar/","태양광·에너지 솔루션 구축","templated-review","해당 업종·지역에 고유한 실제 제약, 허가된 사례 또는 1차 자료","yes"
"https://reumlab.com/solution/speech/","언어·발달치료 솔루션 구축","templated-review","해당 업종·지역에 고유한 실제 제약, 허가된 사례 또는 1차 자료","yes"
"https://reumlab.com/solution/storage/","셀프스토리지 솔루션 구축","templated-review","해당 업종·지역에 고유한 실제 제약, 허가된 사례 또는 1차 자료","yes"
"https://reumlab.com/solution/studycafe/","스터디카페·독서실 솔루션 구축","templated-review","해당 업종·지역에 고유한 실제 제약, 허가된 사례 또는 1차 자료","yes"
"https://reumlab.com/solution/subscription/","구독 서비스 솔루션 구축","templated-review","해당 업종·지역에 고유한 실제 제약, 허가된 사례 또는 1차 자료","yes"
"https://reumlab.com/solution/swimming/","수영장·스포츠센터 솔루션 구축","templated-review","해당 업종·지역에 고유한 실제 제약, 허가된 사례 또는 1차 자료","yes"
"https://reumlab.com/solution/taekwondo/","태권도·체육관 솔루션 구축","templated-review","해당 업종·지역에 고유한 실제 제약, 허가된 사례 또는 1차 자료","yes"
"https://reumlab.com/solution/tailor/","맞춤정장·수선 솔루션 구축","templated-review","해당 업종·지역에 고유한 실제 제약, 허가된 사례 또는 1차 자료","yes"
"https://reumlab.com/solution/tax-accounting/","세무·회계 솔루션 구축","templated-review","해당 업종·지역에 고유한 실제 제약, 허가된 사례 또는 1차 자료","yes"
"https://reumlab.com/solution/telemedicine/","비대면 진료 솔루션 구축","templated-review","해당 업종·지역에 고유한 실제 제약, 허가된 사례 또는 1차 자료","yes"
"https://reumlab.com/solution/translation/","번역·통역 솔루션 구축","templated-review","해당 업종·지역에 고유한 실제 제약, 허가된 사례 또는 1차 자료","yes"
"https://reumlab.com/solution/travel/","여행·투어 솔루션 구축","templated-review","해당 업종·지역에 고유한 실제 제약, 허가된 사례 또는 1차 자료","yes"
"https://reumlab.com/solution/tutoring/","과외·교습 매칭 솔루션 구축","templated-review","해당 업종·지역에 고유한 실제 제약, 허가된 사례 또는 1차 자료","yes"
"https://reumlab.com/solution/university/","대학·평생교육 솔루션 구축","templated-review","해당 업종·지역에 고유한 실제 제약, 허가된 사례 또는 1차 자료","yes"
"https://reumlab.com/solution/unmanned-store/","무인매장 솔루션 구축","templated-review","해당 업종·지역에 고유한 실제 제약, 허가된 사례 또는 1차 자료","yes"
"https://reumlab.com/solution/used-car/","중고차 솔루션 구축","templated-review","해당 업종·지역에 고유한 실제 제약, 허가된 사례 또는 1차 자료","yes"
"https://reumlab.com/solution/wedding/","웨딩·돌잔치 솔루션 구축","templated-review","해당 업종·지역에 고유한 실제 제약, 허가된 사례 또는 1차 자료","yes"
"https://reumlab.com/solution/wholesale/","도소매·유통 솔루션 구축","templated-review","해당 업종·지역에 고유한 실제 제약, 허가된 사례 또는 1차 자료","yes"
"https://reumlab.com/solution/yoga/","요가원 솔루션 구축","templated-review","해당 업종·지역에 고유한 실제 제약, 허가된 사례 또는 1차 자료","yes"
"https://reumlab.com/source-handover/","소스코드 이관 — 외주에 묶이지 않게","moderate","검증 가능한 사례·방법론·공식 출처 중 최소 1개 보강","yes"
"https://reumlab.com/system/","기능 이름으로 찾는 개발","moderate","검증 가능한 사례·방법론·공식 출처 중 최소 1개 보강","yes"
"https://reumlab.com/system/qr-order/","QR 주문 시스템 개발","moderate","검증 가능한 사례·방법론·공식 출처 중 최소 1개 보강","yes"
"https://reumlab.com/system/space-rental/","공간대여 예약·정산 시스템 개발","moderate","검증 가능한 사례·방법론·공식 출처 중 최소 1개 보강","yes"
"https://reumlab.com/system/subscription-delivery/","정기배송·구독 관리 시스템 개발","moderate","검증 가능한 사례·방법론·공식 출처 중 최소 1개 보강","yes"
"https://reumlab.com/system/trade-ops/","무역·통관 업무 시스템 개발","moderate","검증 가능한 사례·방법론·공식 출처 중 최소 1개 보강","yes"
"https://reumlab.com/system/vehicle-visualizer/","차량 랩핑 시뮬레이션·견적 시스템 개발","moderate","검증 가능한 사례·방법론·공식 출처 중 최소 1개 보강","yes"
"https://reumlab.com/system/waiting/","웨이팅·대기번호 시스템 개발","moderate","검증 가능한 사례·방법론·공식 출처 중 최소 1개 보강","yes"
"https://reumlab.com/system/workforce/","인력·근태·업무관리 시스템 개발","moderate","검증 가능한 사례·방법론·공식 출처 중 최소 1개 보강","yes"
"https://reumlab.com/terms/","이용약관","templated-review","해당 업종·지역에 고유한 실제 제약, 허가된 사례 또는 1차 자료","yes"
"https://reumlab.com/web-development/dongtan/","동탄 웹사이트 제작","templated-review","해당 업종·지역에 고유한 실제 제약, 허가된 사례 또는 1차 자료","yes"
"https://reumlab.com/web-development/hwaseong/","화성 웹사이트 제작","templated-review","해당 업종·지역에 고유한 실제 제약, 허가된 사례 또는 1차 자료","yes"
"https://reumlab.com/web-development/","웹사이트·랜딩페이지 제작 · Web Development","moderate","검증 가능한 사례·방법론·공식 출처 중 최소 1개 보강","yes"
"https://reumlab.com/web-development/suwon/","수원 웹사이트 제작","templated-review","해당 업종·지역에 고유한 실제 제약, 허가된 사례 또는 1차 자료","yes"
"https://reumlab.com/website/adongsangdamsenteo/","아동상담센터 홈페이지 제작","templated-review","해당 업종·지역에 고유한 실제 제약, 허가된 사례 또는 1차 자료","yes"
"https://reumlab.com/website/aebgaebaleobche/","앱개발업체 홈페이지 제작","templated-review","해당 업종·지역에 고유한 실제 제약, 허가된 사례 또는 1차 자료","yes"
"https://reumlab.com/website/aggijeom/","악기점 홈페이지 제작","templated-review","해당 업종·지역에 고유한 실제 제약, 허가된 사례 또는 1차 자료","yes"
"https://reumlab.com/website/angwa/","안과 홈페이지 제작","templated-review","해당 업종·지역에 고유한 실제 제약, 허가된 사례 또는 1차 자료","yes"
"https://reumlab.com/website/angyeongjeom/","안경점 홈페이지 제작","templated-review","해당 업종·지역에 고유한 실제 제약, 허가된 사례 또는 1차 자료","yes"
"https://reumlab.com/website/baedeuminteonjang/","배드민턴장 홈페이지 제작","templated-review","해당 업종·지역에 고유한 실제 제약, 허가된 사례 또는 1차 자료","yes"
"https://reumlab.com/website/baldalsenteo/","발달센터 홈페이지 제작","templated-review","해당 업종·지역에 고유한 실제 제약, 허가된 사례 또는 1차 자료","yes"
"https://reumlab.com/website/banchangage/","반찬가게 홈페이지 제작","templated-review","해당 업종·지역에 고유한 실제 제약, 허가된 사례 또는 1차 자료","yes"
"https://reumlab.com/website/bangmunhagseub/","방문학습 홈페이지 제작","templated-review","해당 업종·지역에 고유한 실제 제약, 허가된 사례 또는 1차 자료","yes"
"https://reumlab.com/website/bangmunyoyangsenteo/","방문요양센터 홈페이지 제작","templated-review","해당 업종·지역에 고유한 실제 제약, 허가된 사례 또는 1차 자료","yes"
"https://reumlab.com/website/bangsueobche/","방수업체 홈페이지 제작","templated-review","해당 업종·지역에 고유한 실제 제약, 허가된 사례 또는 1차 자료","yes"
"https://reumlab.com/website/bangyeogeobche/","방역업체 홈페이지 제작","templated-review","해당 업종·지역에 고유한 실제 제약, 허가된 사례 또는 1차 자료","yes"
"https://reumlab.com/website/banyeonggusyab/","반영구샵 홈페이지 제작","templated-review","해당 업종·지역에 고유한 실제 제약, 허가된 사례 또는 1차 자료","yes"
"https://reumlab.com/website/beibisiteo/","베이비시터 홈페이지 제작","templated-review","해당 업종·지역에 고유한 실제 제약, 허가된 사례 또는 1차 자료","yes"
"https://reumlab.com/website/beikeori/","베이커리 홈페이지 제작","templated-review","해당 업종·지역에 고유한 실제 제약, 허가된 사례 또는 1차 자료","yes"
"https://reumlab.com/website/beobmubeobin/","법무법인 홈페이지 제작","templated-review","해당 업종·지역에 고유한 실제 제약, 허가된 사례 또는 1차 자료","yes"
"https://reumlab.com/website/beobmusa/","법무사 홈페이지 제작","templated-review","해당 업종·지역에 고유한 실제 제약, 허가된 사례 또는 1차 자료","yes"
"https://reumlab.com/website/beobryulsamuso/","법률사무소 홈페이지 제작","templated-review","해당 업종·지역에 고유한 실제 제약, 허가된 사례 또는 1차 자료","yes"
"https://reumlab.com/website/beonyeogsamuso/","번역사무소 홈페이지 제작","templated-review","해당 업종·지역에 고유한 실제 제약, 허가된 사례 또는 1차 자료","yes"
"https://reumlab.com/website/beoseuhoesa/","버스회사 홈페이지 제작","templated-review","해당 업종·지역에 고유한 실제 제약, 허가된 사례 또는 1차 자료","yes"
"https://reumlab.com/website/beulraegbagseumaejang/","블랙박스매장 홈페이지 제작","templated-review","해당 업종·지역에 고유한 실제 제약, 허가된 사례 또는 1차 자료","yes"
"https://reumlab.com/website/beuraendinghoesa/","브랜딩회사 홈페이지 제작","templated-review","해당 업종·지역에 고유한 실제 제약, 허가된 사례 또는 1차 자료","yes"
"https://reumlab.com/website/bideeobche/","비데업체 홈페이지 제작","templated-review","해당 업종·지역에 고유한 실제 제약, 허가된 사례 또는 1차 자료","yes"
"https://reumlab.com/website/binyogigwa/","비뇨기과 홈페이지 제작","templated-review","해당 업종·지역에 고유한 실제 제약, 허가된 사례 또는 1차 자료","yes"
"https://reumlab.com/website/boaneobche/","보안업체 홈페이지 제작","templated-review","해당 업종·지역에 고유한 실제 제약, 허가된 사례 또는 1차 자료","yes"
"https://reumlab.com/website/bogsingjang/","복싱장 홈페이지 제작","templated-review","해당 업종·지역에 고유한 실제 제약, 허가된 사례 또는 1차 자료","yes"
"https://reumlab.com/website/boheomdaerijeom/","보험대리점 홈페이지 제작","templated-review","해당 업종·지역에 고유한 실제 제약, 허가된 사례 또는 1차 자료","yes"
"https://reumlab.com/website/boilreoeobche/","보일러업체 홈페이지 제작","templated-review","해당 업종·지역에 고유한 실제 제약, 허가된 사례 또는 1차 자료","yes"
"https://reumlab.com/website/bolringjang/","볼링장 홈페이지 제작","templated-review","해당 업종·지역에 고유한 실제 제약, 허가된 사례 또는 1차 자료","yes"
"https://reumlab.com/website/budongsan/","부동산 홈페이지 제작","templated-review","해당 업종·지역에 고유한 실제 제약, 허가된 사례 또는 1차 자료","yes"
"https://reumlab.com/website/budongsankeonseolting/","부동산컨설팅 홈페이지 제작","templated-review","해당 업종·지역에 고유한 실제 제약, 허가된 사례 또는 1차 자료","yes"
"https://reumlab.com/website/bunsigjib/","분식집 홈페이지 제작","templated-review","해당 업종·지역에 고유한 실제 제약, 허가된 사례 또는 1차 자료","yes"
"https://reumlab.com/website/bunyangdaehaengsa/","분양대행사 홈페이지 제작","templated-review","해당 업종·지역에 고유한 실제 제약, 허가된 사례 또는 1차 자료","yes"
"https://reumlab.com/website/byeongwon/","병원 홈페이지 제작","templated-review","해당 업종·지역에 고유한 실제 제약, 허가된 사례 또는 1차 자료","yes"
"https://reumlab.com/website/byeonhosa/","변호사 홈페이지 제작","templated-review","해당 업종·지역에 고유한 실제 제약, 허가된 사례 또는 1차 자료","yes"
"https://reumlab.com/website/byeonrisa/","변리사 홈페이지 제작","templated-review","해당 업종·지역에 고유한 실제 제약, 허가된 사례 또는 1차 자료","yes"
"https://reumlab.com/website/chaegwonchusimeobche/","채권추심업체 홈페이지 제작","templated-review","해당 업종·지역에 고유한 실제 제약, 허가된 사례 또는 1차 자료","yes"
"https://reumlab.com/website/changeobkeonseolting/","창업컨설팅 홈페이지 제작","templated-review","해당 업종·지역에 고유한 실제 제약, 허가된 사례 또는 1차 자료","yes"
"https://reumlab.com/website/changhoeobche/","창호업체 홈페이지 제작","templated-review","해당 업종·지역에 고유한 실제 제약, 허가된 사례 또는 1차 자료","yes"
"https://reumlab.com/website/cheheommaeul/","체험마을 홈페이지 제작","templated-review","해당 업종·지역에 고유한 실제 제약, 허가된 사례 또는 1차 자료","yes"
"https://reumlab.com/website/cheolgeoeobche/","철거업체 홈페이지 제작","templated-review","해당 업종·지역에 고유한 실제 제약, 허가된 사례 또는 1차 자료","yes"
"https://reumlab.com/website/cheongcheobjangeobche/","청첩장업체 홈페이지 제작","templated-review","해당 업종·지역에 고유한 실제 제약, 허가된 사례 또는 1차 자료","yes"
"https://reumlab.com/website/cheongsoeobche/","청소업체 홈페이지 제작","templated-review","해당 업종·지역에 고유한 실제 제약, 허가된 사례 또는 1차 자료","yes"
"https://reumlab.com/website/cheongsonyeonsangdamsenteo/","청소년상담센터 홈페이지 제작","templated-review","해당 업종·지역에 고유한 실제 제약, 허가된 사례 또는 1차 자료","yes"
"https://reumlab.com/website/chigwa/","치과 홈페이지 제작","templated-review","해당 업종·지역에 고유한 실제 제약, 허가된 사례 또는 1차 자료","yes"
"https://reumlab.com/website/chikinjib/","치킨집 홈페이지 제작","templated-review","해당 업종·지역에 고유한 실제 제약, 허가된 사례 또는 1차 자료","yes"
"https://reumlab.com/website/chuljangbwipe/","출장뷔페 홈페이지 제작","templated-review","해당 업종·지역에 고유한 실제 제약, 허가된 사례 또는 1차 자료","yes"
"https://reumlab.com/website/chulpansa/","출판사 홈페이지 제작","templated-review","해당 업종·지역에 고유한 실제 제약, 허가된 사례 또는 1차 자료","yes"
"https://reumlab.com/website/dabryepumeobche/","답례품업체 홈페이지 제작","templated-review","해당 업종·지역에 고유한 실제 제약, 허가된 사례 또는 1차 자료","yes"
"https://reumlab.com/website/danggujang/","당구장 홈페이지 제작","templated-review","해당 업종·지역에 고유한 실제 제약, 허가된 사례 또는 1차 자료","yes"
"https://reumlab.com/website/deiteoboggueobche/","데이터복구업체 홈페이지 제작","templated-review","해당 업종·지역에 고유한 실제 제약, 허가된 사례 또는 1차 자료","yes"
"https://reumlab.com/website/deuronchwalyeongeobche/","드론촬영업체 홈페이지 제작","templated-review","해당 업종·지역에 고유한 실제 제약, 허가된 사례 또는 1차 자료","yes"
"https://reumlab.com/website/dijainhoesa/","디자인회사 홈페이지 제작","templated-review","해당 업종·지역에 고유한 실제 제약, 허가된 사례 또는 1차 자료","yes"
"https://reumlab.com/website/dobaeeobche/","도배업체 홈페이지 제작","templated-review","해당 업종·지역에 고유한 실제 제약, 허가된 사례 또는 1차 자료","yes"
"https://reumlab.com/website/doeorageobche/","도어락업체 홈페이지 제작","templated-review","해당 업종·지역에 고유한 실제 제약, 허가된 사례 또는 1차 자료","yes"
"https://reumlab.com/website/dogseosil/","독서실 홈페이지 제작","templated-review","해당 업종·지역에 고유한 실제 제약, 허가된 사례 또는 1차 자료","yes"
"https://reumlab.com/website/doljanchieobche/","돌잔치업체 홈페이지 제작","templated-review","해당 업종·지역에 고유한 실제 제약, 허가된 사례 또는 1차 자료","yes"
"https://reumlab.com/website/domaeeob/","도매업 홈페이지 제작","templated-review","해당 업종·지역에 고유한 실제 제약, 허가된 사례 또는 1차 자료","yes"
"https://reumlab.com/website/dongmulbyeongwon/","동물병원 홈페이지 제작","templated-review","해당 업종·지역에 고유한 실제 제약, 허가된 사례 또는 1차 자료","yes"
"https://reumlab.com/website/dosirageobche/","도시락업체 홈페이지 제작","templated-review","해당 업종·지역에 고유한 실제 제약, 허가된 사례 또는 1차 자료","yes"
"https://reumlab.com/website/dupigwanrisenteo/","두피관리센터 홈페이지 제작","templated-review","해당 업종·지역에 고유한 실제 제약, 허가된 사례 또는 1차 자료","yes"
"https://reumlab.com/website/eeokeoneobche/","에어컨업체 홈페이지 제작","templated-review","해당 업종·지역에 고유한 실제 제약, 허가된 사례 또는 1차 자료","yes"
"https://reumlab.com/website/eoneochiryosenteo/","언어치료센터 홈페이지 제작","templated-review","해당 업종·지역에 고유한 실제 제약, 허가된 사례 또는 1차 자료","yes"
"https://reumlab.com/website/eonronsa/","언론사 홈페이지 제작","templated-review","해당 업종·지역에 고유한 실제 제약, 허가된 사례 또는 1차 자료","yes"
"https://reumlab.com/website/eorinijib/","어린이집 홈페이지 제작","templated-review","해당 업종·지역에 고유한 실제 제약, 허가된 사례 또는 1차 자료","yes"
"https://reumlab.com/website/eseutetig/","에스테틱 홈페이지 제작","templated-review","해당 업종·지역에 고유한 실제 제약, 허가된 사례 또는 1차 자료","yes"
"https://reumlab.com/website/eumaghagwon/","음악학원 홈페이지 제작","templated-review","해당 업종·지역에 고유한 실제 제약, 허가된 사례 또는 1차 자료","yes"
"https://reumlab.com/website/eumhyangeobche/","음향업체 홈페이지 제작","templated-review","해당 업종·지역에 고유한 실제 제약, 허가된 사례 또는 1차 자료","yes"
"https://reumlab.com/website/gabangmaejang/","가방매장 홈페이지 제작","templated-review","해당 업종·지역에 고유한 실제 제약, 허가된 사례 또는 1차 자료","yes"
"https://reumlab.com/website/gagujeom/","가구점 홈페이지 제작","templated-review","해당 업종·지역에 고유한 실제 제약, 허가된 사례 또는 1차 자료","yes"
"https://reumlab.com/website/gajeongsangdamso/","가정상담소 홈페이지 제작","templated-review","해당 업종·지역에 고유한 실제 제약, 허가된 사례 또는 1차 자료","yes"
"https://reumlab.com/website/gamjeongpyeonggasa/","감정평가사 홈페이지 제작","templated-review","해당 업종·지역에 고유한 실제 제약, 허가된 사례 또는 1차 자료","yes"
"https://reumlab.com/website/ganbyeongin/","간병인 홈페이지 제작","templated-review","해당 업종·지역에 고유한 실제 제약, 허가된 사례 또는 1차 자료","yes"
"https://reumlab.com/website/geimhoesa/","게임회사 홈페이지 제작","templated-review","해당 업종·지역에 고유한 실제 제약, 허가된 사례 또는 1차 자료","yes"
"https://reumlab.com/website/geonchugsasamuso/","건축사사무소 홈페이지 제작","templated-review","해당 업종·지역에 고유한 실제 제약, 허가된 사례 또는 1차 자료","yes"
"https://reumlab.com/website/geonganggeomjinsenteo/","건강검진센터 홈페이지 제작","templated-review","해당 업종·지역에 고유한 실제 제약, 허가된 사례 또는 1차 자료","yes"
"https://reumlab.com/website/geongangsigpum/","건강식품 홈페이지 제작","templated-review","해당 업종·지역에 고유한 실제 제약, 허가된 사례 또는 1차 자료","yes"
"https://reumlab.com/website/geonseolhoesa/","건설회사 홈페이지 제작","templated-review","해당 업종·지역에 고유한 실제 제약, 허가된 사례 또는 1차 자료","yes"
"https://reumlab.com/website/geseuteuhauseu/","게스트하우스 홈페이지 제작","templated-review","해당 업종·지역에 고유한 실제 제약, 허가된 사례 또는 1차 자료","yes"
"https://reumlab.com/website/geulraempingjang/","글램핑장 홈페이지 제작","templated-review","해당 업종·지역에 고유한 실제 제약, 허가된 사례 또는 1차 자료","yes"
"https://reumlab.com/website/geumhyeongeobche/","금형업체 홈페이지 제작","templated-review","해당 업종·지역에 고유한 실제 제약, 허가된 사례 또는 1차 자료","yes"
"https://reumlab.com/website/geumsoggagongeob/","금속가공업 홈페이지 제작","templated-review","해당 업종·지역에 고유한 실제 제약, 허가된 사례 또는 1차 자료","yes"
"https://reumlab.com/website/gieob/","기업 홈페이지 제작","templated-review","해당 업종·지역에 고유한 실제 제약, 허가된 사례 또는 1차 자료","yes"
"https://reumlab.com/website/gigyejejoeob/","기계제조업 홈페이지 제작","templated-review","해당 업종·지역에 고유한 실제 제약, 허가된 사례 또는 1차 자료","yes"
"https://reumlab.com/website/gogisjib/","고깃집 홈페이지 제작","templated-review","해당 업종·지역에 고유한 실제 제약, 허가된 사례 또는 1차 자료","yes"
"https://reumlab.com/website/golpeuyeonseubjang/","골프연습장 홈페이지 제작","templated-review","해당 업종·지역에 고유한 실제 제약, 허가된 사례 또는 1차 자료","yes"
"https://reumlab.com/website/gonghangpigeob/","공항픽업 홈페이지 제작","templated-review","해당 업종·지역에 고유한 실제 제약, 허가된 사례 또는 1차 자료","yes"
"https://reumlab.com/website/gonginjunggaesa/","공인중개사 홈페이지 제작","templated-review","해당 업종·지역에 고유한 실제 제약, 허가된 사례 또는 1차 자료","yes"
"https://reumlab.com/website/gongjang/","공장 홈페이지 제작","templated-review","해당 업종·지역에 고유한 실제 제약, 허가된 사례 또는 1차 자료","yes"
"https://reumlab.com/website/gongyeongihoegsa/","공연기획사 홈페이지 제작","templated-review","해당 업종·지역에 고유한 실제 제약, 허가된 사례 또는 1차 자료","yes"
"https://reumlab.com/website/gwanggodaehaengsa/","광고대행사 홈페이지 제작","templated-review","해당 업종·지역에 고유한 실제 제약, 허가된 사례 또는 1차 자료","yes"
"https://reumlab.com/website/gwangwangbeoseu/","관광버스 홈페이지 제작","templated-review","해당 업종·지역에 고유한 실제 제약, 허가된 사례 또는 1차 자료","yes"
"https://reumlab.com/website/gwangwangnongwon/","관광농원 홈페이지 제작","templated-review","해당 업종·지역에 고유한 실제 제약, 허가된 사례 또는 1차 자료","yes"
"https://reumlab.com/website/gwansesa/","관세사 홈페이지 제작","templated-review","해당 업종·지역에 고유한 실제 제약, 허가된 사례 또는 1차 자료","yes"
"https://reumlab.com/website/gwaoe/","과외 홈페이지 제작","templated-review","해당 업종·지역에 고유한 실제 제약, 허가된 사례 또는 1차 자료","yes"
"https://reumlab.com/website/gyeongbieobche/","경비업체 홈페이지 제작","templated-review","해당 업종·지역에 고유한 실제 제약, 허가된 사례 또는 1차 자료","yes"
"https://reumlab.com/website/gyeongyeongkeonseolting/","경영컨설팅 홈페이지 제작","templated-review","해당 업종·지역에 고유한 실제 제약, 허가된 사례 또는 1차 자료","yes"
"https://reumlab.com/website/haengjeongsa/","행정사 홈페이지 제작","templated-review","해당 업종·지역에 고유한 실제 제약, 허가된 사례 또는 1차 자료","yes"
"https://reumlab.com/website/haengsadaehaengsa/","행사대행사 홈페이지 제작","templated-review","해당 업종·지역에 고유한 실제 제약, 허가된 사례 또는 1차 자료","yes"
"https://reumlab.com/website/hagwon/","학원 홈페이지 제작","templated-review","해당 업종·지역에 고유한 실제 제약, 허가된 사례 또는 1차 자료","yes"
"https://reumlab.com/website/hanbogjib/","한복집 홈페이지 제작","templated-review","해당 업종·지역에 고유한 실제 제약, 허가된 사례 또는 1차 자료","yes"
"https://reumlab.com/website/hanogseutei/","한옥스테이 홈페이지 제작","templated-review","해당 업종·지역에 고유한 실제 제약, 허가된 사례 또는 1차 자료","yes"
"https://reumlab.com/website/hansigdang/","한식당 홈페이지 제작","templated-review","해당 업종·지역에 고유한 실제 제약, 허가된 사례 또는 1차 자료","yes"
"https://reumlab.com/website/hanuiwon/","한의원 홈페이지 제작","templated-review","해당 업종·지역에 고유한 실제 제약, 허가된 사례 또는 1차 자료","yes"
"https://reumlab.com/website/hasugueobche/","하수구업체 홈페이지 제작","templated-review","해당 업종·지역에 고유한 실제 제약, 허가된 사례 또는 1차 자료","yes"
"https://reumlab.com/website/helseujang/","헬스장 홈페이지 제작","templated-review","해당 업종·지역에 고유한 실제 제약, 허가된 사례 또는 1차 자료","yes"
"https://reumlab.com/website/hoegyesa/","회계사 홈페이지 제작","templated-review","해당 업종·지역에 고유한 실제 제약, 허가된 사례 또는 1차 자료","yes"
"https://reumlab.com/website/hoesjib/","횟집 홈페이지 제작","templated-review","해당 업종·지역에 고유한 실제 제약, 허가된 사례 또는 1차 자료","yes"
"https://reumlab.com/website/hoseutingeobche/","호스팅업체 홈페이지 제작","templated-review","해당 업종·지역에 고유한 실제 제약, 허가된 사례 또는 1차 자료","yes"
"https://reumlab.com/website/hotel/","호텔 홈페이지 제작","templated-review","해당 업종·지역에 고유한 실제 제약, 허가된 사례 또는 1차 자료","yes"
"https://reumlab.com/website/hwajangpumjejoeob/","화장품제조업 홈페이지 제작","templated-review","해당 업종·지역에 고유한 실제 제약, 허가된 사례 또는 1차 자료","yes"
"https://reumlab.com/website/hwamulunsongeobche/","화물운송업체 홈페이지 제작","templated-review","해당 업종·지역에 고유한 실제 제약, 허가된 사례 또는 1차 자료","yes"
"https://reumlab.com/website/hyudaeponmaejang/","휴대폰매장 홈페이지 제작","templated-review","해당 업종·지역에 고유한 실제 제약, 허가된 사례 또는 1차 자료","yes"
"https://reumlab.com/website/hyuyangrim/","휴양림 홈페이지 제작","templated-review","해당 업종·지역에 고유한 실제 제약, 허가된 사례 또는 1차 자료","yes"
"https://reumlab.com/website/ibenteueobche/","이벤트업체 홈페이지 제작","templated-review","해당 업종·지역에 고유한 실제 제약, 허가된 사례 또는 1차 자료","yes"
"https://reumlab.com/website/ibiinhugwa/","이비인후과 홈페이지 제작","templated-review","해당 업종·지역에 고유한 실제 제약, 허가된 사례 또는 1차 자료","yes"
"https://reumlab.com/website/ibjucheongsoeobche/","입주청소업체 홈페이지 제작","templated-review","해당 업종·지역에 고유한 실제 제약, 허가된 사례 또는 1차 자료","yes"
"https://reumlab.com/website/ibsihagwon/","입시학원 홈페이지 제작","templated-review","해당 업종·지역에 고유한 실제 제약, 허가된 사례 또는 1차 자료","yes"
"https://reumlab.com/website/ilsigdang/","일식당 홈페이지 제작","templated-review","해당 업종·지역에 고유한 실제 제약, 허가된 사례 또는 1차 자료","yes"
"https://reumlab.com/website/","홈페이지·랜딩페이지 제작 예쁜 사이트를 넘어 문의가 들어오는 구조로","moderate","검증 가능한 사례·방법론·공식 출처 중 최소 1개 보강","yes"
"https://reumlab.com/website/inswaeeobche/","인쇄업체 홈페이지 제작","templated-review","해당 업종·지역에 고유한 실제 제약, 허가된 사례 또는 1차 자료","yes"
"https://reumlab.com/website/inswaeso/","인쇄소 홈페이지 제작","templated-review","해당 업종·지역에 고유한 실제 제약, 허가된 사례 또는 1차 자료","yes"
"https://reumlab.com/website/interieoeobche/","인테리어업체 홈페이지 제작","templated-review","해당 업종·지역에 고유한 실제 제약, 허가된 사례 또는 1차 자료","yes"
"https://reumlab.com/website/interieosopumsyab/","인테리어소품샵 홈페이지 제작","templated-review","해당 업종·지역에 고유한 실제 제약, 허가된 사례 또는 1차 자료","yes"
"https://reumlab.com/website/isaeobche/","이사업체 홈페이지 제작","templated-review","해당 업종·지역에 고유한 실제 제약, 허가된 사례 또는 1차 자료","yes"
"https://reumlab.com/website/it-company/","IT기업 홈페이지 제작","templated-review","해당 업종·지역에 고유한 실제 제약, 허가된 사례 또는 1차 자료","yes"
"https://reumlab.com/website/jadongcha-jeongbiso/","자동차 정비소 홈페이지 제작","templated-review","해당 업종·지역에 고유한 실제 제약, 허가된 사례 또는 1차 자료","yes"
"https://reumlab.com/website/jadongchabupumjejoeob/","자동차부품제조업 홈페이지 제작","templated-review","해당 업종·지역에 고유한 실제 제약, 허가된 사례 또는 1차 자료","yes"
"https://reumlab.com/website/jadongchagongeobsa/","자동차공업사 홈페이지 제작","templated-review","해당 업종·지역에 고유한 실제 제약, 허가된 사례 또는 1차 자료","yes"
"https://reumlab.com/website/jadongchagwangtaegeobche/","자동차광택업체 홈페이지 제작","templated-review","해당 업종·지역에 고유한 실제 제약, 허가된 사례 또는 1차 자료","yes"
"https://reumlab.com/website/jadongchatyuningsyab/","자동차튜닝샵 홈페이지 제작","templated-review","해당 업종·지역에 고유한 실제 제약, 허가된 사례 또는 1차 자료","yes"
"https://reumlab.com/website/jadongchayurieobche/","자동차유리업체 홈페이지 제작","templated-review","해당 업종·지역에 고유한 실제 제약, 허가된 사례 또는 1차 자료","yes"
"https://reumlab.com/website/jaegabogjisenteo/","재가복지센터 홈페이지 제작","templated-review","해당 업종·지역에 고유한 실제 제약, 허가된 사례 또는 1차 자료","yes"
"https://reumlab.com/website/jaehwaluihaggwa/","재활의학과 홈페이지 제작","templated-review","해당 업종·지역에 고유한 실제 제약, 허가된 사례 또는 1차 자료","yes"
"https://reumlab.com/website/jajeongeomaejang/","자전거매장 홈페이지 제작","templated-review","해당 업종·지역에 고유한 실제 제약, 허가된 사례 또는 1차 자료","yes"
"https://reumlab.com/website/jangaeinbogjigwan/","장애인복지관 홈페이지 제작","templated-review","해당 업종·지역에 고유한 실제 제약, 허가된 사례 또는 1차 자료","yes"
"https://reumlab.com/website/jangryesigjang/","장례식장 홈페이지 제작","templated-review","해당 업종·지역에 고유한 실제 제약, 허가된 사례 또는 1차 자료","yes"
"https://reumlab.com/website/jejoeob/","제조업 홈페이지 제작","templated-review","해당 업종·지역에 고유한 실제 제약, 허가된 사례 또는 1차 자료","yes"
"https://reumlab.com/website/jeonghyeongoegwa/","정형외과 홈페이지 제작","templated-review","해당 업종·지역에 고유한 실제 제약, 허가된 사례 또는 1차 자료","yes"
"https://reumlab.com/website/jeongigongsaeobche/","전기공사업체 홈페이지 제작","templated-review","해당 업종·지역에 고유한 실제 제약, 허가된 사례 또는 1차 자료","yes"
"https://reumlab.com/website/jeongsingeonganguihaggwa/","정신건강의학과 홈페이지 제작","templated-review","해당 업종·지역에 고유한 실제 제약, 허가된 사례 또는 1차 자료","yes"
"https://reumlab.com/website/jeongsugieobche/","정수기업체 홈페이지 제작","templated-review","해당 업종·지역에 고유한 실제 제약, 허가된 사례 또는 1차 자료","yes"
"https://reumlab.com/website/jeonjabupumjejoeob/","전자부품제조업 홈페이지 제작","templated-review","해당 업종·지역에 고유한 실제 제약, 허가된 사례 또는 1차 자료","yes"
"https://reumlab.com/website/jeonjajepummaejang/","전자제품매장 홈페이지 제작","templated-review","해당 업종·지역에 고유한 실제 제약, 허가된 사례 또는 1차 자료","yes"
"https://reumlab.com/website/jeonmungeonseoleob/","전문건설업 홈페이지 제작","templated-review","해당 업종·지역에 고유한 실제 제약, 허가된 사례 또는 1차 자료","yes"
"https://reumlab.com/website/jeonsigihoegsa/","전시기획사 홈페이지 제작","templated-review","해당 업종·지역에 고유한 실제 제약, 허가된 사례 또는 1차 자료","yes"
"https://reumlab.com/website/jeontongsijang/","전통시장 홈페이지 제작","templated-review","해당 업종·지역에 고유한 실제 제약, 허가된 사례 또는 1차 자료","yes"
"https://reumlab.com/website/jigeobjeonmunhaggyo/","직업전문학교 홈페이지 제작","templated-review","해당 업종·지역에 고유한 실제 제약, 허가된 사례 또는 1차 자료","yes"
"https://reumlab.com/website/jogyeongeobche/","조경업체 홈페이지 제작","templated-review","해당 업종·지역에 고유한 실제 제약, 허가된 사례 또는 1차 자료","yes"
"https://reumlab.com/website/jomyeongeobche/","조명업체 홈페이지 제작","templated-review","해당 업종·지역에 고유한 실제 제약, 허가된 사례 또는 1차 자료","yes"
"https://reumlab.com/website/jonghabgeonseoleob/","종합건설업 홈페이지 제작","templated-review","해당 업종·지역에 고유한 실제 제약, 허가된 사례 또는 1차 자료","yes"
"https://reumlab.com/website/jonghabyutongeob/","종합유통업 홈페이지 제작","templated-review","해당 업종·지역에 고유한 실제 제약, 허가된 사례 또는 1차 자료","yes"
"https://reumlab.com/website/juchajang/","주차장 홈페이지 제작","templated-review","해당 업종·지역에 고유한 실제 제약, 허가된 사례 또는 1차 자료","yes"
"https://reumlab.com/website/jueolrisyab/","주얼리샵 홈페이지 제작","templated-review","해당 업종·지역에 고유한 실제 제약, 허가된 사례 또는 1차 자료","yes"
"https://reumlab.com/website/juganbohosenteo/","주간보호센터 홈페이지 제작","templated-review","해당 업종·지역에 고유한 실제 제약, 허가된 사례 또는 1차 자료","yes"
"https://reumlab.com/website/jujissudojang/","주짓수도장 홈페이지 제작","templated-review","해당 업종·지역에 고유한 실제 제약, 허가된 사례 또는 1차 자료","yes"
"https://reumlab.com/website/junggochamaemaeeobche/","중고차매매업체 홈페이지 제작","templated-review","해당 업종·지역에 고유한 실제 제약, 허가된 사례 또는 1차 자료","yes"
"https://reumlab.com/website/junggomaejang/","중고매장 홈페이지 제작","templated-review","해당 업종·지역에 고유한 실제 제약, 허가된 사례 또는 1차 자료","yes"
"https://reumlab.com/website/jungsigdang/","중식당 홈페이지 제작","templated-review","해당 업종·지역에 고유한 실제 제약, 허가된 사례 또는 1차 자료","yes"
"https://reumlab.com/website/kaempingjang/","캠핑장 홈페이지 제작","templated-review","해당 업종·지역에 고유한 실제 제약, 허가된 사례 또는 1차 자료","yes"
"https://reumlab.com/website/kaempingpensyeon/","캠핑펜션 홈페이지 제작","templated-review","해당 업종·지역에 고유한 실제 제약, 허가된 사례 또는 1차 자료","yes"
"https://reumlab.com/website/kape/","카페 홈페이지 제작","templated-review","해당 업종·지역에 고유한 실제 제약, 허가된 사례 또는 1차 자료","yes"
"https://reumlab.com/website/kasenteo/","카센터 홈페이지 제작","templated-review","해당 업종·지역에 고유한 실제 제약, 허가된 사례 또는 1차 자료","yes"
"https://reumlab.com/website/keiteoring/","케이터링 홈페이지 제작","templated-review","해당 업종·지역에 고유한 실제 제약, 허가된 사례 또는 1차 자료","yes"
"https://reumlab.com/website/keompyuteosurieobche/","컴퓨터수리업체 홈페이지 제작","templated-review","해당 업종·지역에 고유한 실제 제약, 허가된 사례 또는 1차 자료","yes"
"https://reumlab.com/website/keulraimingjim/","클라이밍짐 홈페이지 제작","templated-review","해당 업종·지역에 고유한 실제 제약, 허가된 사례 또는 1차 자료","yes"
"https://reumlab.com/website/keuroseupis/","크로스핏 홈페이지 제작","templated-review","해당 업종·지역에 고유한 실제 제약, 허가된 사례 또는 1차 자료","yes"
"https://reumlab.com/website/kkochjib/","꽃집 홈페이지 제작","templated-review","해당 업종·지역에 고유한 실제 제약, 허가된 사례 또는 1차 자료","yes"
"https://reumlab.com/website/kodinghagwon/","코딩학원 홈페이지 제작","templated-review","해당 업종·지역에 고유한 실제 제약, 허가된 사례 또는 1차 자료","yes"
"https://reumlab.com/website/koinsetagso/","코인세탁소 홈페이지 제작","templated-review","해당 업종·지역에 고유한 실제 제약, 허가된 사례 또는 1차 자료","yes"
"https://reumlab.com/website/kwigseobiseu/","퀵서비스 홈페이지 제작","templated-review","해당 업종·지역에 고유한 실제 제약, 허가된 사례 또는 1차 자료","yes"
"https://reumlab.com/website/majchumjeongjang/","맞춤정장 홈페이지 제작","templated-review","해당 업종·지역에 고유한 실제 제약, 허가된 사례 또는 1차 자료","yes"
"https://reumlab.com/website/maketingdaehaengsa/","마케팅대행사 홈페이지 제작","templated-review","해당 업종·지역에 고유한 실제 제약, 허가된 사례 또는 1차 자료","yes"
"https://reumlab.com/website/masajisyab/","마사지샵 홈페이지 제작","templated-review","해당 업종·지역에 고유한 실제 제약, 허가된 사례 또는 1차 자료","yes"
"https://reumlab.com/website/mateu/","마트 홈페이지 제작","templated-review","해당 업종·지역에 고유한 실제 제약, 허가된 사례 또는 1차 자료","yes"
"https://reumlab.com/website/mcn-agency/","MCN회사 홈페이지 제작","templated-review","해당 업종·지역에 고유한 실제 제약, 허가된 사례 또는 1차 자료","yes"
"https://reumlab.com/website/meikeueobsyab/","메이크업샵 홈페이지 제작","templated-review","해당 업종·지역에 고유한 실제 제약, 허가된 사례 또는 1차 자료","yes"
"https://reumlab.com/website/minbag/","민박 홈페이지 제작","templated-review","해당 업종·지역에 고유한 실제 제약, 허가된 사례 또는 1차 자료","yes"
"https://reumlab.com/website/misulhagwon/","미술학원 홈페이지 제작","templated-review","해당 업종·지역에 고유한 실제 제약, 허가된 사례 또는 1차 자료","yes"
"https://reumlab.com/website/miyongsil/","미용실 홈페이지 제작","templated-review","해당 업종·지역에 고유한 실제 제약, 허가된 사례 또는 1차 자료","yes"
"https://reumlab.com/website/motel/","모텔 홈페이지 제작","templated-review","해당 업종·지역에 고유한 실제 제약, 허가된 사례 또는 1차 자료","yes"
"https://reumlab.com/website/mulryuhoesa/","물류회사 홈페이지 제작","templated-review","해당 업종·지역에 고유한 실제 제약, 허가된 사례 또는 1차 자료","yes"
"https://reumlab.com/website/muyeoghoesa/","무역회사 홈페이지 제작","templated-review","해당 업종·지역에 고유한 실제 제약, 허가된 사례 또는 1차 자료","yes"
"https://reumlab.com/website/naegwa/","내과 홈페이지 제작","templated-review","해당 업종·지역에 고유한 실제 제약, 허가된 사례 또는 1차 자료","yes"
"https://reumlab.com/website/nakksiteo/","낚시터 홈페이지 제작","templated-review","해당 업종·지역에 고유한 실제 제약, 허가된 사례 또는 1차 자료","yes"
"https://reumlab.com/website/neilsyab/","네일샵 홈페이지 제작","templated-review","해당 업종·지역에 고유한 실제 제약, 허가된 사례 또는 1차 자료","yes"
"https://reumlab.com/website/noinbogjigwan/","노인복지관 홈페이지 제작","templated-review","해당 업종·지역에 고유한 실제 제약, 허가된 사례 또는 1차 자료","yes"
"https://reumlab.com/website/nomusa/","노무사 홈페이지 제작","templated-review","해당 업종·지역에 고유한 실제 제약, 허가된 사례 또는 1차 자료","yes"
"https://reumlab.com/website/nongsanmulpanmae/","농산물판매 홈페이지 제작","templated-review","해당 업종·지역에 고유한 실제 제약, 허가된 사례 또는 1차 자료","yes"
"https://reumlab.com/website/nusutamjieobche/","누수탐지업체 홈페이지 제작","templated-review","해당 업종·지역에 고유한 실제 제약, 허가된 사례 또는 1차 자료","yes"
"https://reumlab.com/website/onrainsyopingmol/","온라인쇼핑몰 홈페이지 제작","templated-review","해당 업종·지역에 고유한 실제 제약, 허가된 사례 또는 1차 자료","yes"
"https://reumlab.com/website/otobaimaejang/","오토바이매장 홈페이지 제작","templated-review","해당 업종·지역에 고유한 실제 제약, 허가된 사례 또는 1차 자료","yes"
"https://reumlab.com/website/panchogmuleobche/","판촉물업체 홈페이지 제작","templated-review","해당 업종·지역에 고유한 실제 제약, 허가된 사례 또는 1차 자료","yes"
"https://reumlab.com/website/patirum/","파티룸 홈페이지 제작","templated-review","해당 업종·지역에 고유한 실제 제약, 허가된 사례 또는 1차 자료","yes"
"https://reumlab.com/website/pensyeon/","펜션 홈페이지 제작","templated-review","해당 업종·지역에 고유한 실제 제약, 허가된 사례 또는 1차 자료","yes"
"https://reumlab.com/website/peoseuneolkeolreo/","퍼스널컬러 홈페이지 제작","templated-review","해당 업종·지역에 고유한 실제 제약, 허가된 사례 또는 1차 자료","yes"
"https://reumlab.com/website/peulraseutigjejoeob/","플라스틱제조업 홈페이지 제작","templated-review","해당 업종·지역에 고유한 실제 제약, 허가된 사례 또는 1차 자료","yes"
"https://reumlab.com/website/peulrawosyab/","플라워샵 홈페이지 제작","templated-review","해당 업종·지역에 고유한 실제 제약, 허가된 사례 또는 1차 자료","yes"
"https://reumlab.com/website/pianohagwon/","피아노학원 홈페이지 제작","templated-review","해당 업종·지역에 고유한 실제 제약, 허가된 사례 또는 1차 자료","yes"
"https://reumlab.com/website/pibugwa/","피부과 홈페이지 제작","templated-review","해당 업종·지역에 고유한 실제 제약, 허가된 사례 또는 1차 자료","yes"
"https://reumlab.com/website/pibugwanrisyab/","피부관리샵 홈페이지 제작","templated-review","해당 업종·지역에 고유한 실제 제약, 허가된 사례 또는 1차 자료","yes"
"https://reumlab.com/website/pijajib/","피자집 홈페이지 제작","templated-review","해당 업종·지역에 고유한 실제 제약, 허가된 사례 또는 1차 자료","yes"
"https://reumlab.com/website/pilrateseu/","필라테스 홈페이지 제작","templated-review","해당 업종·지역에 고유한 실제 제약, 허가된 사례 또는 1차 자료","yes"
"https://reumlab.com/website/pojangjaejejoeob/","포장재제조업 홈페이지 제작","templated-review","해당 업종·지역에 고유한 실제 제약, 허가된 사례 또는 1차 자료","yes"
"https://reumlab.com/website/potobuseueobche/","포토부스업체 홈페이지 제작","templated-review","해당 업종·지역에 고유한 실제 제약, 허가된 사례 또는 1차 자료","yes"
"https://reumlab.com/website/pt-shop/","PT샵 홈페이지 제작","templated-review","해당 업종·지역에 고유한 실제 제약, 허가된 사례 또는 1차 자료","yes"
"https://reumlab.com/website/pudeuteureog/","푸드트럭 홈페이지 제작","templated-review","해당 업종·지역에 고유한 실제 제약, 허가된 사례 또는 1차 자료","yes"
"https://reumlab.com/website/pulbilra/","풀빌라 홈페이지 제작","templated-review","해당 업종·지역에 고유한 실제 제약, 허가된 사례 또는 1차 자료","yes"
"https://reumlab.com/website/pyegimulcheorieobche/","폐기물처리업체 홈페이지 제작","templated-review","해당 업종·지역에 고유한 실제 제약, 허가된 사례 또는 1차 자료","yes"
"https://reumlab.com/website/pyeonuijeom/","편의점 홈페이지 제작","templated-review","해당 업종·지역에 고유한 실제 제약, 허가된 사례 또는 1차 자료","yes"
"https://reumlab.com/website/rejeoseupocheu/","레저스포츠 홈페이지 제작","templated-review","해당 업종·지역에 고유한 실제 제약, 허가된 사례 또는 1차 자료","yes"
"https://reumlab.com/website/rentaleobche/","렌탈업체 홈페이지 제작","templated-review","해당 업종·지역에 고유한 실제 제약, 허가된 사례 또는 1차 자료","yes"
"https://reumlab.com/website/renteoka/","렌터카 홈페이지 제작","templated-review","해당 업종·지역에 고유한 실제 제약, 허가된 사례 또는 1차 자료","yes"
"https://reumlab.com/website/rijoteu/","리조트 홈페이지 제작","templated-review","해당 업종·지역에 고유한 실제 제약, 허가된 사례 또는 1차 자료","yes"
"https://reumlab.com/website/rimodelringeobche/","리모델링업체 홈페이지 제작","templated-review","해당 업종·지역에 고유한 실제 제약, 허가된 사례 또는 1차 자료","yes"
"https://reumlab.com/website/sahoebogjigwan/","사회복지관 홈페이지 제작","templated-review","해당 업종·지역에 고유한 실제 제약, 허가된 사례 또는 1차 자료","yes"
"https://reumlab.com/website/sajingwan/","사진관 홈페이지 제작","templated-review","해당 업종·지역에 고유한 실제 제약, 허가된 사례 또는 1차 자료","yes"
"https://reumlab.com/website/sanbuingwa/","산부인과 홈페이지 제작","templated-review","해당 업종·지역에 고유한 실제 제약, 허가된 사례 또는 1차 자료","yes"
"https://reumlab.com/website/saneobjangbieobche/","산업장비업체 홈페이지 제작","templated-review","해당 업종·지역에 고유한 실제 제약, 허가된 사례 또는 1차 자료","yes"
"https://reumlab.com/website/sangjohoesa/","상조회사 홈페이지 제작","templated-review","해당 업종·지역에 고유한 실제 제약, 허가된 사례 또는 1차 자료","yes"
"https://reumlab.com/website/sanhudoumi/","산후도우미 홈페이지 제작","templated-review","해당 업종·지역에 고유한 실제 제약, 허가된 사례 또는 1차 자료","yes"
"https://reumlab.com/website/sanhujoriwon/","산후조리원 홈페이지 제작","templated-review","해당 업종·지역에 고유한 실제 제약, 허가된 사례 또는 1차 자료","yes"
"https://reumlab.com/website/sechajang/","세차장 홈페이지 제작","templated-review","해당 업종·지역에 고유한 실제 제약, 허가된 사례 또는 1차 자료","yes"
"https://reumlab.com/website/semusa/","세무사 홈페이지 제작","templated-review","해당 업종·지역에 고유한 실제 제약, 허가된 사례 또는 1차 자료","yes"
"https://reumlab.com/website/seojeom/","서점 홈페이지 제작","templated-review","해당 업종·지역에 고유한 실제 제약, 허가된 사례 또는 1차 자료","yes"
"https://reumlab.com/website/seolbieobche/","설비업체 홈페이지 제작","templated-review","해당 업종·지역에 고유한 실제 제약, 허가된 사례 또는 1차 자료","yes"
"https://reumlab.com/website/seomyujejoeob/","섬유제조업 홈페이지 제작","templated-review","해당 업종·지역에 고유한 실제 제약, 허가된 사례 또는 1차 자료","yes"
"https://reumlab.com/website/seonghyeongoegwa/","성형외과 홈페이지 제작","templated-review","해당 업종·지역에 고유한 실제 제약, 허가된 사례 또는 1차 자료","yes"
"https://reumlab.com/website/setagso/","세탁소 홈페이지 제작","templated-review","해당 업종·지역에 고유한 실제 제약, 허가된 사례 또는 1차 자료","yes"
"https://reumlab.com/website/seukeuringolpeu/","스크린골프 홈페이지 제작","templated-review","해당 업종·지역에 고유한 실제 제약, 허가된 사례 또는 1차 자료","yes"
"https://reumlab.com/website/seungmajang/","승마장 홈페이지 제작","templated-review","해당 업종·지역에 고유한 실제 제약, 허가된 사례 또는 1차 자료","yes"
"https://reumlab.com/website/seupa/","스파 홈페이지 제작","templated-review","해당 업종·지역에 고유한 실제 제약, 허가된 사례 또는 1차 자료","yes"
"https://reumlab.com/website/seutateueob/","스타트업 홈페이지 제작","templated-review","해당 업종·지역에 고유한 실제 제약, 허가된 사례 또는 1차 자료","yes"
"https://reumlab.com/website/seuteodikape/","스터디카페 홈페이지 제작","templated-review","해당 업종·지역에 고유한 실제 제약, 허가된 사례 또는 1차 자료","yes"
"https://reumlab.com/website/seutyudio/","스튜디오 홈페이지 제작","templated-review","해당 업종·지역에 고유한 실제 제약, 허가된 사례 또는 1차 자료","yes"
"https://reumlab.com/website/sigdang/","식당 홈페이지 제작","templated-review","해당 업종·지역에 고유한 실제 제약, 허가된 사례 또는 1차 자료","yes"
"https://reumlab.com/website/sigpumgagongeob/","식품가공업 홈페이지 제작","templated-review","해당 업종·지역에 고유한 실제 제약, 허가된 사례 또는 1차 자료","yes"
"https://reumlab.com/website/sigpumjejoeob/","식품제조업 홈페이지 제작","templated-review","해당 업종·지역에 고유한 실제 제약, 허가된 사례 또는 1차 자료","yes"
"https://reumlab.com/website/silbeotaun/","실버타운 홈페이지 제작","templated-review","해당 업종·지역에 고유한 실제 제약, 허가된 사례 또는 1차 자료","yes"
"https://reumlab.com/website/simrisangdamsenteo/","심리상담센터 홈페이지 제작","templated-review","해당 업종·지역에 고유한 실제 제약, 허가된 사례 또는 1차 자료","yes"
"https://reumlab.com/website/sinbalmaejang/","신발매장 홈페이지 제작","templated-review","해당 업종·지역에 고유한 실제 제약, 허가된 사례 또는 1차 자료","yes"
"https://reumlab.com/website/sinchadilreo/","신차딜러 홈페이지 제작","templated-review","해당 업종·지역에 고유한 실제 제약, 허가된 사례 또는 1차 자료","yes"
"https://reumlab.com/website/singyeongoegwa/","신경외과 홈페이지 제작","templated-review","해당 업종·지역에 고유한 실제 제약, 허가된 사례 또는 1차 자료","yes"
"https://reumlab.com/website/sinyongjeongbohoesa/","신용정보회사 홈페이지 제작","templated-review","해당 업종·지역에 고유한 실제 제약, 허가된 사례 또는 1차 자료","yes"
"https://reumlab.com/website/soagwa/","소아과 홈페이지 제작","templated-review","해당 업종·지역에 고유한 실제 제약, 허가된 사례 또는 1차 자료","yes"
"https://reumlab.com/website/sodogeobche/","소독업체 홈페이지 제작","templated-review","해당 업종·지역에 고유한 실제 제약, 허가된 사례 또는 1차 자료","yes"
"https://reumlab.com/website/sognunsseobsyab/","속눈썹샵 홈페이지 제작","templated-review","해당 업종·지역에 고유한 실제 제약, 허가된 사례 또는 1차 자료","yes"
"https://reumlab.com/website/solrusyeoneobche/","솔루션업체 홈페이지 제작","templated-review","해당 업종·지역에 고유한 실제 제약, 허가된 사례 또는 1차 자료","yes"
"https://reumlab.com/website/somaeeob/","소매업 홈페이지 제작","templated-review","해당 업종·지역에 고유한 실제 제약, 허가된 사례 또는 1차 자료","yes"
"https://reumlab.com/website/sonhaesajeongsa/","손해사정사 홈페이지 제작","templated-review","해당 업종·지역에 고유한 실제 제약, 허가된 사례 또는 1차 자료","yes"
"https://reumlab.com/website/sonsechajang/","손세차장 홈페이지 제작","templated-review","해당 업종·지역에 고유한 실제 제약, 허가된 사례 또는 1차 자료","yes"
"https://reumlab.com/website/sopeuteuweeogaebalsa/","소프트웨어개발사 홈페이지 제작","templated-review","해당 업종·지역에 고유한 실제 제약, 허가된 사례 또는 1차 자료","yes"
"https://reumlab.com/website/suhaghagwon/","수학학원 홈페이지 제작","templated-review","해당 업종·지역에 고유한 실제 제약, 허가된 사례 또는 1차 자료","yes"
"https://reumlab.com/website/suibpanmaeeob/","수입판매업 홈페이지 제작","templated-review","해당 업종·지역에 고유한 실제 제약, 허가된 사례 또는 1차 자료","yes"
"https://reumlab.com/website/suyeongjang/","수영장 홈페이지 제작","templated-review","해당 업종·지역에 고유한 실제 제약, 허가된 사례 또는 1차 자료","yes"
"https://reumlab.com/website/syopingmol/","쇼핑몰 홈페이지 제작","templated-review","해당 업종·지역에 고유한 실제 제약, 허가된 사례 또는 1차 자료","yes"
"https://reumlab.com/website/taegbaeeobche/","택배업체 홈페이지 제작","templated-review","해당 업종·지역에 고유한 실제 제약, 허가된 사례 또는 1차 자료","yes"
"https://reumlab.com/website/taegwondojang/","태권도장 홈페이지 제작","templated-review","해당 업종·지역에 고유한 실제 제약, 허가된 사례 또는 1차 자료","yes"
"https://reumlab.com/website/taieomaejang/","타이어매장 홈페이지 제작","templated-review","해당 업종·지역에 고유한 실제 제약, 허가된 사례 또는 1차 자료","yes"
"https://reumlab.com/website/taileobche/","타일업체 홈페이지 제작","templated-review","해당 업종·지역에 고유한 실제 제약, 허가된 사례 또는 1차 자료","yes"
"https://reumlab.com/website/temapakeu/","테마파크 홈페이지 제작","templated-review","해당 업종·지역에 고유한 실제 제약, 허가된 사례 또는 1차 자료","yes"
"https://reumlab.com/website/teniseujang/","테니스장 홈페이지 제작","templated-review","해당 업종·지역에 고유한 실제 제약, 허가된 사례 또는 1차 자료","yes"
"https://reumlab.com/website/teugheosamuso/","특허사무소 홈페이지 제작","templated-review","해당 업종·지역에 고유한 실제 제약, 허가된 사례 또는 1차 자료","yes"
"https://reumlab.com/website/tomoghoesa/","토목회사 홈페이지 제작","templated-review","해당 업종·지역에 고유한 실제 제약, 허가된 사례 또는 1차 자료","yes"
"https://reumlab.com/website/tongjeunguihaggwa/","통증의학과 홈페이지 제작","templated-review","해당 업종·지역에 고유한 실제 제약, 허가된 사례 또는 1차 자료","yes"
"https://reumlab.com/website/tteogjib/","떡집 홈페이지 제작","templated-review","해당 업종·지역에 고유한 실제 제약, 허가된 사례 또는 1차 자료","yes"
"https://reumlab.com/website/uiryogigijejoeob/","의료기기제조업 홈페이지 제작","templated-review","해당 업종·지역에 고유한 실제 제약, 허가된 사례 또는 1차 자료","yes"
"https://reumlab.com/website/uiryumaejang/","의류매장 홈페이지 제작","templated-review","해당 업종·지역에 고유한 실제 제약, 허가된 사례 또는 1차 자료","yes"
"https://reumlab.com/website/unjeonhagwon/","운전학원 홈페이지 제작","templated-review","해당 업종·지역에 고유한 실제 제약, 허가된 사례 또는 1차 자료","yes"
"https://reumlab.com/website/wagsingsyab/","왁싱샵 홈페이지 제작","templated-review","해당 업종·지역에 고유한 실제 제약, 허가된 사례 또는 1차 자료","yes"
"https://reumlab.com/website/wangujeom/","완구점 홈페이지 제작","templated-review","해당 업종·지역에 고유한 실제 제약, 허가된 사례 또는 1차 자료","yes"
"https://reumlab.com/website/webeijeonsi/","웹에이전시 홈페이지 제작","templated-review","해당 업종·지역에 고유한 실제 제약, 허가된 사례 또는 1차 자료","yes"
"https://reumlab.com/website/wedingdeureseusyab/","웨딩드레스샵 홈페이지 제작","templated-review","해당 업종·지역에 고유한 실제 제약, 허가된 사례 또는 1차 자료","yes"
"https://reumlab.com/website/wedinghol/","웨딩홀 홈페이지 제작","templated-review","해당 업종·지역에 고유한 실제 제약, 허가된 사례 또는 1차 자료","yes"
"https://reumlab.com/website/wedingpeulraeneo/","웨딩플래너 홈페이지 제작","templated-review","해당 업종·지역에 고유한 실제 제약, 허가된 사례 또는 1차 자료","yes"
"https://reumlab.com/website/wedingseutyudio/","웨딩스튜디오 홈페이지 제작","templated-review","해당 업종·지역에 고유한 실제 제약, 허가된 사례 또는 1차 자료","yes"
"https://reumlab.com/website/woteopakeu/","워터파크 홈페이지 제작","templated-review","해당 업종·지역에 고유한 실제 제약, 허가된 사례 또는 1차 자료","yes"
"https://reumlab.com/website/yaggug/","약국 홈페이지 제작","templated-review","해당 업종·지역에 고유한 실제 제약, 허가된 사례 또는 1차 자료","yes"
"https://reumlab.com/website/yangsigdang/","양식당 홈페이지 제작","templated-review","해당 업종·지역에 고유한 실제 제약, 허가된 사례 또는 1차 자료","yes"
"https://reumlab.com/website/yeohaengsa/","여행사 홈페이지 제작","templated-review","해당 업종·지역에 고유한 실제 제약, 허가된 사례 또는 1차 자료","yes"
"https://reumlab.com/website/yeolsoeeobche/","열쇠업체 홈페이지 제작","templated-review","해당 업종·지역에 고유한 실제 제약, 허가된 사례 또는 1차 자료","yes"
"https://reumlab.com/website/yeongeohagwon/","영어학원 홈페이지 제작","templated-review","해당 업종·지역에 고유한 실제 제약, 허가된 사례 또는 1차 자료","yes"
"https://reumlab.com/website/yeongsangjejageobche/","영상제작업체 홈페이지 제작","templated-review","해당 업종·지역에 고유한 실제 제약, 허가된 사례 또는 1차 자료","yes"
"https://reumlab.com/website/yeonguso/","연구소 홈페이지 제작","templated-review","해당 업종·지역에 고유한 실제 제약, 허가된 사례 또는 1차 자료","yes"
"https://reumlab.com/website/yogawon/","요가원 홈페이지 제작","templated-review","해당 업종·지역에 고유한 실제 제약, 허가된 사례 또는 1차 자료","yes"
"https://reumlab.com/website/yongdaleobche/","용달업체 홈페이지 제작","templated-review","해당 업종·지역에 고유한 실제 제약, 허가된 사례 또는 1차 자료","yes"
"https://reumlab.com/website/yongjeobeobche/","용접업체 홈페이지 제작","templated-review","해당 업종·지역에 고유한 실제 제약, 허가된 사례 또는 1차 자료","yes"
"https://reumlab.com/website/yorihagwon/","요리학원 홈페이지 제작","templated-review","해당 업종·지역에 고유한 실제 제약, 허가된 사례 또는 1차 자료","yes"
"https://reumlab.com/website/yoyangbyeongwon/","요양병원 홈페이지 제작","templated-review","해당 업종·지역에 고유한 실제 제약, 허가된 사례 또는 1차 자료","yes"
"https://reumlab.com/website/yoyangwon/","요양원 홈페이지 제작","templated-review","해당 업종·지역에 고유한 실제 제약, 허가된 사례 또는 1차 자료","yes"
"https://reumlab.com/website/yuchiwon/","유치원 홈페이지 제작","templated-review","해당 업종·지역에 고유한 실제 제약, 허가된 사례 또는 1차 자료","yes"
"https://reumlab.com/website/yuhagwon/","유학원 홈페이지 제작","templated-review","해당 업종·지역에 고유한 실제 제약, 허가된 사례 또는 1차 자료","yes"
"https://reumlab.com/website/yuramseon/","유람선 홈페이지 제작","templated-review","해당 업종·지역에 고유한 실제 제약, 허가된 사례 또는 1차 자료","yes"
"https://reumlab.com/website/yutongkeonseolting/","유통컨설팅 홈페이지 제작","templated-review","해당 업종·지역에 고유한 실제 제약, 허가된 사례 또는 1차 자료","yes"
"https://reumlab.com/website/yutyubeujejagsa/","유튜브제작사 홈페이지 제작","templated-review","해당 업종·지역에 고유한 실제 제약, 허가된 사례 또는 1차 자료","yes"
"https://reumlab.com/website-agency/","홈페이지 제작 업체 찾을 때 — 검색되고 소스코드 주는 곳","moderate","검증 가능한 사례·방법론·공식 출처 중 최소 1개 보강","yes"
"https://reumlab.com/windows-app-development/","윈도우 앱·데스크톱 프로그램 개발 외주","moderate","검증 가능한 사례·방법론·공식 출처 중 최소 1개 보강","yes"
